Age,visit_per_week,weekend_ratio,avg_time_in_gym,num_classes_attended,ratio_cardio,ratio_strength,ratio_mind_body,sauna_session_impact,gender,abonoment_type,name_personal_trainer,uses_sauna,drink_abo,berry_boost,black_currant,coconut_pineapple,lemon,orange,passion_fruit,Gym_Cluster
27,4,0.25,116,3.0,0.3333333333333333,0.6666666666666666,0.0,116,Female,Premium,No one,True,False,0,0,0,0,0,0,0
47,3,0.3333333333333333,48,0.0,0.0,0.0,0.0,0,Female,Standard,Chantal,False,False,0,0,0,0,0,0,1
41,1,1.0,123,1.0,0.0,1.0,0.0,0,Male,Premium,Mike,False,True,1,0,0,1,0,0,2
44,3,0.3333333333333333,99,0.0,0.0,0.0,0.0,99,Male,Premium,Mike,True,True,0,0,0,0,0,1,1
44,2,0.0,50,3.0,0.6666666666666666,0.0,0.3333333333333333,0,Male,Standard,Mike,False,False,0,0,0,0,0,0,0
15,1,0.0,180,0.0,0.0,0.0,0.0,180,Female,Standard,No one,True,False,0,0,0,0,0,0,1
30,3,0.3333333333333333,62,2.0,0.0,0.5,0.0,0,Male,Premium,No one,False,False,0,0,0,0,0,0,0
20,2,0.0,95,2.0,0.0,0.5,0.5,95,Male,Standard,No one,True,True,0,0,1,0,0,0,0
46,3,0.6666666666666666,92,1.0,0.0,1.0,0.0,0,Male,Premium,Mike,False,True,0,0,0,1,1,0,2
24,1,0.0,144,0.0,0.0,0.0,0.0,144,Female,Premium,Jeffrey,True,False,0,0,0,0,0,0,1
41,1,0.0,36,0.0,0.0,0.0,0.0,0,Male,Standard,Hanna,False,False,0,0,0,0,0,0,1
27,3,0.0,33,3.0,0.3333333333333333,0.3333333333333333,0.3333333333333333,33,Male,Premium,Mike,True,True,0,0,0,0,0,1,0
30,2,0.5,158,3.0,0.6666666666666666,0.3333333333333333,0.0,158,Female,Standard,No one,True,True,0,0,0,0,0,1,0
35,3,0.0,61,0.0,0.0,0.0,0.0,0,Female,Premium,No one,False,True,0,1,0,0,0,0,1
35,1,1.0,145,0.0,0.0,0.0,0.0,0,Female,Premium,Mike,False,True,0,1,0,0,1,0,1
36,4,0.0,61,3.0,0.6666666666666666,0.3333333333333333,0.0,0,Female,Standard,No one,False,False,0,0,0,0,0,0,0
37,3,0.6666666666666666,161,0.0,0.0,0.0,0.0,161,Male,Premium,Jeffrey,True,False,0,0,0,0,0,0,1
13,3,0.3333333333333333,119,0.0,0.0,0.0,0.0,119,Female,Standard,Mike,True,False,0,0,0,0,0,0,1
38,1,0.0,167,1.0,0.0,0.0,1.0,167,Female,Standard,Hanna,True,True,0,0,0,0,1,0,0
33,2,0.5,149,3.0,0.3333333333333333,0.3333333333333333,0.3333333333333333,0,Male,Premium,No one,False,False,0,0,0,0,0,0,0
26,2,0.0,146,0.0,0.0,0.0,0.0,0,Female,Premium,Hanna,False,False,0,0,0,0,0,0,1
26,3,0.3333333333333333,154,3.0,0.0,0.0,0.6666666666666666,154,Male,Premium,No one,True,True,0,0,0,1,0,0,0
13,2,0.0,160,1.0,1.0,0.0,0.0,0,Female,Standard,Mike,False,True,0,0,0,0,1,1,0
14,3,0.3333333333333333,119,0.0,0.0,0.0,0.0,119,Male,Premium,Jeffrey,True,True,0,0,1,1,0,0,1
16,1,0.0,112,0.0,0.0,0.0,0.0,0,Female,Premium,No one,False,False,0,0,0,0,0,0,1
35,1,0.0,102,3.0,0.3333333333333333,0.0,0.6666666666666666,0,Male,Standard,Chantal,False,True,0,0,1,0,0,0,0
19,3,0.3333333333333333,118,1.0,1.0,0.0,0.0,0,Male,Premium,No one,False,True,1,0,0,0,0,1,0
32,5,0.4,114,3.0,0.3333333333333333,0.0,0.6666666666666666,0,Male,Standard,Chantal,False,True,1,0,0,0,0,0,0
27,1,0.0,91,0.0,0.0,0.0,0.0,91,Female,Premium,No one,True,True,0,0,0,0,1,0,1
21,3,0.0,81,3.0,0.6666666666666666,0.3333333333333333,0.0,81,Female,Premium,No one,True,True,0,0,1,0,1,0,0
36,3,0.3333333333333333,130,0.0,0.0,0.0,0.0,130,Male,Premium,Jeffrey,True,False,0,0,0,0,0,0,1
24,5,0.4,160,0.0,0.0,0.0,0.0,0,Male,Standard,No one,False,True,0,1,0,1,0,0,1
42,3,0.6666666666666666,98,2.0,0.5,0.0,0.0,98,Female,Premium,Chantal,True,False,0,0,0,0,0,0,0
47,2,0.5,86,3.0,0.3333333333333333,0.3333333333333333,0.3333333333333333,86,Female,Premium,Hanna,True,False,0,0,0,0,0,0,0
20,5,0.2,159,0.0,0.0,0.0,0.0,159,Male,Premium,Mike,True,False,0,0,0,0,0,0,1
34,3,0.6666666666666666,161,1.0,0.0,1.0,0.0,161,Male,Standard,No one,True,True,0,0,0,0,1,0,2
43,5,0.4,79,0.0,0.0,0.0,0.0,0,Female,Standard,No one,False,False,0,0,0,0,0,0,1
40,2,0.5,118,0.0,0.0,0.0,0.0,0,Female,Premium,No one,False,False,0,0,0,0,0,0,1
44,1,0.0,135,0.0,0.0,0.0,0.0,0,Male,Premium,No one,False,True,1,0,1,0,0,0,1
18,2,0.0,107,1.0,0.0,0.0,0.0,107,Female,Premium,No one,True,True,0,1,0,0,0,1,1
16,3,0.3333333333333333,107,0.0,0.0,0.0,0.0,107,Female,Premium,Hanna,True,True,0,0,1,0,0,0,1
35,1,1.0,58,0.0,0.0,0.0,0.0,0,Female,Standard,No one,False,False,0,0,0,0,0,0,1
29,1,0.0,99,1.0,0.0,0.0,1.0,0,Female,Premium,Chantal,False,True,0,1,0,1,0,0,0
28,1,1.0,142,0.0,0.0,0.0,0.0,142,Female,Standard,Hanna,True,True,0,0,1,0,0,1,1
48,2,0.0,158,0.0,0.0,0.0,0.0,158,Male,Premium,Hanna,True,False,0,0,0,0,0,0,1
43,4,0.25,175,1.0,1.0,0.0,0.0,0,Female,Standard,Hanna,False,False,0,0,0,0,0,0,0
35,3,0.3333333333333333,87,0.0,0.0,0.0,0.0,0,Male,Standard,No one,False,False,0,0,0,0,0,0,1
26,5,0.2,136,1.0,0.0,0.0,1.0,136,Male,Premium,Jeffrey,True,False,0,0,0,0,0,0,0
48,3,0.0,137,2.0,0.0,0.0,1.0,137,Female,Premium,Chantal,True,False,0,0,0,0,0,0,0
44,2,0.5,161,2.0,0.5,0.5,0.0,161,Female,Premium,No one,True,True,0,1,0,0,0,1,0
45,3,0.3333333333333333,93,0.0,0.0,0.0,0.0,93,Male,Standard,No one,True,True,0,0,1,0,0,1,1
28,2,0.5,82,2.0,0.0,0.5,0.5,82,Male,Premium,No one,True,False,0,0,0,0,0,0,0
20,2,0.5,69,2.0,0.5,0.0,0.5,0,Female,Premium,No one,False,False,0,0,0,0,0,0,0
43,4,0.25,161,1.0,0.0,0.0,1.0,0,Female,Standard,Mike,False,True,1,0,0,0,1,0,0
24,2,0.5,162,3.0,0.3333333333333333,0.3333333333333333,0.0,162,Male,Standard,Chantal,True,True,0,1,0,0,0,0,0
22,3,0.3333333333333333,71,0.0,0.0,0.0,0.0,71,Male,Standard,No one,True,False,0,0,0,0,0,0,1
23,3,0.3333333333333333,162,0.0,0.0,0.0,0.0,0,Female,Standard,No one,False,False,0,0,0,0,0,0,1
46,5,0.2,30,2.0,0.0,0.5,0.5,30,Male,Premium,Chantal,True,False,0,0,0,0,0,0,0
17,2,0.0,86,1.0,0.0,1.0,0.0,86,Male,Premium,No one,True,False,0,0,0,0,0,0,2
36,2,0.5,122,2.0,0.5,0.5,0.0,122,Female,Standard,Chantal,True,True,0,0,0,0,1,0,0
47,3,0.3333333333333333,107,0.0,0.0,0.0,0.0,0,Female,Premium,Chantal,False,False,0,0,0,0,0,0,1
29,3,0.3333333333333333,68,0.0,0.0,0.0,0.0,68,Female,Standard,Chantal,True,False,0,0,0,0,0,0,1
30,3,0.3333333333333333,35,0.0,0.0,0.0,0.0,35,Male,Standard,No one,True,True,0,0,1,0,0,1,1
22,3,0.6666666666666666,57,0.0,0.0,0.0,0.0,57,Female,Premium,Hanna,True,True,1,0,0,1,0,0,1
41,2,0.5,147,0.0,0.0,0.0,0.0,147,Female,Standard,No one,True,False,0,0,0,0,0,0,1
45,4,0.0,48,0.0,0.0,0.0,0.0,48,Female,Premium,No one,True,False,0,0,0,0,0,0,1
22,1,1.0,170,1.0,1.0,0.0,0.0,0,Female,Premium,No one,False,False,0,0,0,0,0,0,0
20,5,0.4,33,1.0,1.0,0.0,0.0,33,Male,Standard,Mike,True,True,1,0,1,0,0,0,0
33,1,0.0,43,1.0,1.0,0.0,0.0,0,Male,Premium,No one,False,True,0,0,0,0,0,1,0
36,3,0.3333333333333333,165,0.0,0.0,0.0,0.0,165,Female,Premium,No one,True,False,0,0,0,0,0,0,1
30,5,0.4,54,1.0,0.0,1.0,0.0,54,Male,Premium,Hanna,True,False,0,0,0,0,0,0,2
17,1,0.0,177,0.0,0.0,0.0,0.0,177,Male,Premium,Mike,True,True,0,1,0,0,0,0,1
35,2,0.0,93,0.0,0.0,0.0,0.0,0,Male,Premium,Chantal,False,True,1,0,0,0,0,0,1
28,2,0.5,166,0.0,0.0,0.0,0.0,166,Male,Standard,No one,True,True,0,0,0,0,0,1,1
27,5,0.2,145,0.0,0.0,0.0,0.0,0,Female,Standard,No one,False,False,0,0,0,0,0,0,1
20,1,1.0,88,0.0,0.0,0.0,0.0,88,Male,Premium,Mike,True,False,0,0,0,0,0,0,1
17,2,0.0,52,0.0,0.0,0.0,0.0,0,Female,Premium,Hanna,False,False,0,0,0,0,0,0,1
33,2,0.5,107,3.0,0.6666666666666666,0.0,0.3333333333333333,0,Male,Premium,Mike,False,True,1,0,0,0,0,0,0
43,5,0.2,180,1.0,0.0,1.0,0.0,0,Female,Standard,No one,False,False,0,0,0,0,0,0,2
36,2,0.0,103,3.0,0.3333333333333333,0.0,0.3333333333333333,103,Female,Standard,Jeffrey,True,False,0,0,0,0,0,0,0
45,2,0.5,163,0.0,0.0,0.0,0.0,163,Male,Standard,Mike,True,True,1,0,0,0,0,0,1
42,3,0.3333333333333333,125,2.0,0.5,0.5,0.0,0,Male,Standard,No one,False,False,0,0,0,0,0,0,0
29,1,0.0,84,0.0,0.0,0.0,0.0,0,Male,Premium,No one,False,True,0,0,1,0,0,0,1
18,3,0.3333333333333333,49,2.0,0.5,0.0,0.5,0,Male,Standard,No one,False,True,0,1,0,1,0,0,0
32,2,1.0,173,1.0,1.0,0.0,0.0,0,Female,Premium,No one,False,False,0,0,0,0,0,0,0
27,3,0.3333333333333333,66,3.0,0.0,0.6666666666666666,0.3333333333333333,0,Female,Standard,Chantal,False,False,0,0,0,0,0,0,0
47,3,0.3333333333333333,106,3.0,0.3333333333333333,0.6666666666666666,0.0,106,Male,Premium,Chantal,True,False,0,0,0,0,0,0,0
16,2,1.0,94,0.0,0.0,0.0,0.0,94,Female,Premium,No one,True,True,0,1,0,0,0,1,1
39,4,0.25,53,1.0,0.0,0.0,1.0,53,Female,Standard,No one,True,False,0,0,0,0,0,0,0
46,1,1.0,126,0.0,0.0,0.0,0.0,126,Female,Standard,No one,True,True,1,0,0,1,0,0,1
21,3,0.6666666666666666,77,0.0,0.0,0.0,0.0,0,Female,Premium,No one,False,True,1,0,0,0,0,0,1
31,1,1.0,48,1.0,1.0,0.0,0.0,0,Male,Standard,Chantal,False,False,0,0,0,0,0,0,0
40,4,0.5,48,3.0,0.3333333333333333,0.3333333333333333,0.3333333333333333,48,Female,Standard,No one,True,False,0,0,0,0,0,0,0
41,2,0.0,123,3.0,0.6666666666666666,0.3333333333333333,0.0,123,Female,Standard,Chantal,True,True,0,0,1,0,0,0,0
12,3,0.0,160,1.0,0.0,0.0,1.0,160,Female,Standard,No one,True,True,1,0,0,0,0,0,0
40,1,1.0,177,0.0,0.0,0.0,0.0,177,Male,Standard,No one,True,False,0,0,0,0,0,0,1
29,3,0.3333333333333333,172,0.0,0.0,0.0,0.0,0,Male,Premium,No one,False,False,0,0,0,0,0,0,1
19,2,0.5,117,0.0,0.0,0.0,0.0,0,Male,Premium,Jeffrey,False,True,0,0,1,0,0,0,1
34,2,0.0,145,0.0,0.0,0.0,0.0,145,Female,Premium,Hanna,True,False,0,0,0,0,0,0,1
21,3,0.3333333333333333,86,0.0,0.0,0.0,0.0,86,Female,Premium,No one,True,False,0,0,0,0,0,0,1
44,3,0.6666666666666666,79,1.0,1.0,0.0,0.0,79,Male,Standard,Jeffrey,True,True,0,1,0,0,0,0,0
24,3,0.3333333333333333,140,1.0,0.0,1.0,0.0,0,Female,Standard,Mike,False,False,0,0,0,0,0,0,2
33,5,0.4,49,2.0,0.0,0.0,1.0,0,Male,Standard,Chantal,False,True,0,0,0,1,0,0,0
47,2,0.5,91,0.0,0.0,0.0,0.0,91,Female,Premium,Mike,True,True,0,0,1,0,0,0,1
38,1,0.0,42,2.0,0.5,0.5,0.0,42,Female,Premium,Mike,True,True,1,0,0,0,0,1,0
12,3,0.3333333333333333,91,2.0,0.0,0.0,0.5,0,Male,Premium,No one,False,True,0,1,0,0,1,0,0
21,2,0.0,95,0.0,0.0,0.0,0.0,0,Female,Standard,No one,False,True,0,0,1,0,0,0,1
22,3,0.6666666666666666,54,3.0,0.3333333333333333,0.3333333333333333,0.3333333333333333,0,Female,Standard,Chantal,False,False,0,0,0,0,0,0,0
33,1,0.0,87,0.0,0.0,0.0,0.0,0,Female,Premium,No one,False,False,0,0,0,0,0,0,1
20,2,0.0,169,1.0,0.0,0.0,1.0,169,Female,Premium,No one,True,False,0,0,0,0,0,0,0
30,3,0.6666666666666666,40,2.0,0.5,0.0,0.0,0,Female,Standard,No one,False,False,0,0,0,0,0,0,0
15,3,0.3333333333333333,156,3.0,0.3333333333333333,0.0,0.6666666666666666,0,Male,Standard,No one,False,False,0,0,0,0,0,0,0
47,1,1.0,104,0.0,0.0,0.0,0.0,0,Female,Premium,Chantal,False,False,0,0,0,0,0,0,1
30,3,0.3333333333333333,142,0.0,0.0,0.0,0.0,142,Female,Premium,Jeffrey,True,False,0,0,0,0,0,0,1
14,3,0.6666666666666666,35,0.0,0.0,0.0,0.0,0,Female,Premium,Jeffrey,False,False,0,0,0,0,0,0,1
33,4,0.0,178,0.0,0.0,0.0,0.0,178,Male,Premium,No one,True,True,0,0,0,0,1,0,1
49,1,0.0,42,1.0,0.0,0.0,1.0,0,Male,Standard,No one,False,True,1,0,0,1,0,0,0
40,5,0.4,56,0.0,0.0,0.0,0.0,0,Male,Standard,No one,False,False,0,0,0,0,0,0,1
46,3,0.3333333333333333,67,2.0,0.5,0.5,0.0,0,Male,Premium,Jeffrey,False,False,0,0,0,0,0,0,0
40,3,0.0,143,0.0,0.0,0.0,0.0,143,Female,Standard,Chantal,True,True,0,0,0,0,0,1,1
22,2,0.5,93,3.0,0.0,0.3333333333333333,0.6666666666666666,0,Female,Premium,No one,False,True,0,1,0,1,0,0,0
43,1,0.0,108,1.0,0.0,1.0,0.0,108,Female,Premium,No one,True,False,0,0,0,0,0,0,2
33,3,0.3333333333333333,151,0.0,0.0,0.0,0.0,0,Female,Standard,No one,False,False,0,0,0,0,0,0,1
14,3,0.3333333333333333,73,0.0,0.0,0.0,0.0,0,Female,Premium,Hanna,False,False,0,0,0,0,0,0,1
14,3,0.6666666666666666,145,0.0,0.0,0.0,0.0,0,Male,Standard,Jeffrey,False,False,0,0,0,0,0,0,1
14,3,0.3333333333333333,95,0.0,0.0,0.0,0.0,95,Male,Standard,Chantal,True,False,0,0,0,0,0,0,1
19,3,0.0,84,0.0,0.0,0.0,0.0,84,Female,Standard,Hanna,True,False,0,0,0,0,0,0,1
32,3,0.3333333333333333,85,0.0,0.0,0.0,0.0,0,Female,Premium,No one,False,True,0,0,0,0,1,1,1
47,1,1.0,50,2.0,0.5,0.0,0.5,50,Male,Premium,Hanna,True,False,0,0,0,0,0,0,0
43,2,0.5,172,0.0,0.0,0.0,0.0,0,Male,Premium,Chantal,False,False,0,0,0,0,0,0,1
34,3,0.0,83,0.0,0.0,0.0,0.0,0,Male,Standard,Hanna,False,True,0,0,0,1,0,1,1
21,1,0.0,160,0.0,0.0,0.0,0.0,160,Male,Premium,Hanna,True,True,0,0,0,0,1,0,1
27,2,0.0,119,1.0,1.0,0.0,0.0,119,Male,Premium,No one,True,True,0,0,0,0,1,0,0
31,5,0.2,95,2.0,0.5,0.5,0.0,95,Female,Premium,Mike,True,False,0,0,0,0,0,0,0
21,2,0.5,100,0.0,0.0,0.0,0.0,0,Female,Standard,Mike,False,True,0,0,0,0,0,1,1
15,2,0.0,174,0.0,0.0,0.0,0.0,0,Female,Standard,No one,False,True,0,0,1,0,0,0,1
20,3,0.6666666666666666,37,0.0,0.0,0.0,0.0,37,Female,Premium,No one,True,False,0,0,0,0,0,0,1
36,1,0.0,109,0.0,0.0,0.0,0.0,109,Male,Standard,No one,True,True,0,0,0,1,0,0,1
31,5,0.2,42,0.0,0.0,0.0,0.0,0,Female,Standard,No one,False,False,0,0,0,0,0,0,1
14,2,0.0,144,3.0,0.6666666666666666,0.3333333333333333,0.0,144,Female,Standard,No one,True,True,0,0,0,1,1,0,0
40,3,0.0,65,2.0,0.5,0.0,0.0,0,Male,Premium,Mike,False,False,0,0,0,0,0,0,0
22,5,0.4,93,3.0,0.3333333333333333,0.6666666666666666,0.0,93,Female,Standard,No one,True,False,0,0,0,0,0,0,0
16,3,0.3333333333333333,85,0.0,0.0,0.0,0.0,0,Female,Premium,Chantal,False,False,0,0,0,0,0,0,1
49,3,0.0,54,3.0,0.3333333333333333,0.3333333333333333,0.0,54,Male,Premium,Jeffrey,True,True,0,0,0,0,0,1,0
14,3,0.6666666666666666,105,0.0,0.0,0.0,0.0,105,Female,Premium,No one,True,True,0,0,0,1,0,1,1
14,5,0.4,67,3.0,0.0,0.3333333333333333,0.3333333333333333,67,Female,Standard,Mike,True,True,0,1,0,0,0,1,0
36,3,0.3333333333333333,88,3.0,0.3333333333333333,0.0,0.6666666666666666,0,Male,Standard,No one,False,False,0,0,0,0,0,0,0
36,2,0.5,131,3.0,0.3333333333333333,0.6666666666666666,0.0,0,Male,Premium,Mike,False,True,1,0,0,0,1,0,0
26,2,0.5,131,0.0,0.0,0.0,0.0,0,Male,Standard,No one,False,False,0,0,0,0,0,0,1
19,1,1.0,70,0.0,0.0,0.0,0.0,70,Male,Premium,Mike,True,False,0,0,0,0,0,0,1
29,2,0.0,110,2.0,0.5,0.0,0.5,110,Male,Premium,No one,True,False,0,0,0,0,0,0,0
27,2,0.0,73,0.0,0.0,0.0,0.0,73,Male,Premium,Hanna,True,False,0,0,0,0,0,0,1
47,2,0.0,81,2.0,0.5,0.5,0.0,81,Male,Premium,Chantal,True,True,0,0,0,0,1,1,0
39,2,0.0,130,2.0,0.0,1.0,0.0,0,Male,Standard,Mike,False,True,0,1,0,1,0,0,2
47,1,0.0,40,0.0,0.0,0.0,0.0,0,Male,Standard,Hanna,False,True,0,0,0,0,1,0,1
20,2,0.5,43,0.0,0.0,0.0,0.0,43,Female,Premium,Chantal,True,True,0,0,0,0,0,1,1
20,4,0.0,150,0.0,0.0,0.0,0.0,0,Female,Standard,Jeffrey,False,True,0,0,0,0,0,1,1
22,2,0.5,151,0.0,0.0,0.0,0.0,151,Male,Standard,Mike,True,True,0,0,0,0,1,0,1
22,3,0.6666666666666666,109,2.0,0.5,0.5,0.0,0,Female,Standard,Hanna,False,False,0,0,0,0,0,0,0
24,3,0.0,47,3.0,0.3333333333333333,0.3333333333333333,0.3333333333333333,47,Female,Premium,Hanna,True,False,0,0,0,0,0,0,0
17,3,0.3333333333333333,77,1.0,0.0,1.0,0.0,0,Female,Standard,Chantal,False,True,1,0,0,1,0,0,2
29,1,1.0,93,0.0,0.0,0.0,0.0,93,Male,Standard,No one,True,True,0,0,0,1,0,0,1
36,3,0.3333333333333333,169,0.0,0.0,0.0,0.0,169,Male,Premium,Jeffrey,True,True,1,0,0,0,0,0,1
20,5,0.2,161,0.0,0.0,0.0,0.0,0,Male,Standard,No one,False,False,0,0,0,0,0,0,1
29,2,0.5,176,1.0,1.0,0.0,0.0,176,Male,Standard,Chantal,True,False,0,0,0,0,0,0,0
32,3,0.3333333333333333,66,0.0,0.0,0.0,0.0,66,Male,Premium,Chantal,True,False,0,0,0,0,0,0,1
42,4,0.0,64,1.0,1.0,0.0,0.0,64,Female,Premium,No one,True,False,0,0,0,0,0,0,0
14,3,0.3333333333333333,109,3.0,0.3333333333333333,0.3333333333333333,0.3333333333333333,109,Male,Standard,No one,True,False,0,0,0,0,0,0,0
35,3,0.0,167,3.0,0.3333333333333333,0.6666666666666666,0.0,0,Female,Premium,No one,False,False,0,0,0,0,0,0,0
43,3,0.3333333333333333,56,0.0,0.0,0.0,0.0,0,Male,Standard,Mike,False,True,0,0,0,1,0,1,1
37,1,1.0,146,0.0,0.0,0.0,0.0,0,Female,Standard,Hanna,False,True,0,0,0,1,0,0,1
49,5,0.4,35,1.0,0.0,0.0,1.0,0,Female,Standard,No one,False,False,0,0,0,0,0,0,0
47,2,0.5,138,0.0,0.0,0.0,0.0,138,Male,Standard,No one,True,True,0,1,0,0,0,0,1
49,1,1.0,85,0.0,0.0,0.0,0.0,85,Male,Premium,No one,True,False,0,0,0,0,0,0,1
19,2,0.0,115,1.0,0.0,0.0,1.0,0,Male,Standard,No one,False,False,0,0,0,0,0,0,0
48,4,0.0,37,0.0,0.0,0.0,0.0,0,Male,Standard,No one,False,False,0,0,0,0,0,0,1
23,3,0.3333333333333333,84,0.0,0.0,0.0,0.0,0,Female,Premium,Chantal,False,True,1,0,1,0,0,0,1
23,4,0.0,42,0.0,0.0,0.0,0.0,0,Male,Premium,Chantal,False,False,0,0,0,0,0,0,1
13,2,0.0,105,0.0,0.0,0.0,0.0,0,Female,Standard,No one,False,False,0,0,0,0,0,0,1
48,3,0.3333333333333333,100,3.0,0.3333333333333333,0.3333333333333333,0.0,100,Male,Premium,Jeffrey,True,True,0,0,0,0,0,1,0
27,5,0.4,168,2.0,0.0,1.0,0.0,168,Male,Premium,No one,True,True,0,1,0,1,0,0,2
14,3,0.3333333333333333,176,1.0,0.0,1.0,0.0,176,Female,Standard,Chantal,True,False,0,0,0,0,0,0,2
14,1,0.0,83,0.0,0.0,0.0,0.0,83,Male,Premium,No one,True,False,0,0,0,0,0,0,1
17,1,0.0,126,0.0,0.0,0.0,0.0,0,Male,Standard,Hanna,False,False,0,0,0,0,0,0,1
39,2,0.0,32,2.0,0.5,0.5,0.0,0,Male,Standard,No one,False,True,1,0,0,0,0,0,0
49,3,0.3333333333333333,78,0.0,0.0,0.0,0.0,78,Female,Standard,Mike,True,True,0,0,0,0,0,1,1
12,5,0.4,146,3.0,0.0,0.6666666666666666,0.3333333333333333,0,Male,Standard,Mike,False,True,0,0,0,1,1,0,0
37,1,1.0,34,1.0,0.0,0.0,1.0,0,Female,Premium,No one,False,True,0,0,1,1,0,0,0
36,2,0.0,166,2.0,0.5,0.5,0.0,166,Male,Premium,No one,True,False,0,0,0,0,0,0,0
13,4,0.5,34,0.0,0.0,0.0,0.0,0,Male,Standard,No one,False,False,0,0,0,0,0,0,1
31,2,0.0,174,0.0,0.0,0.0,0.0,0,Male,Premium,No one,False,False,0,0,0,0,0,0,1
39,4,0.5,48,0.0,0.0,0.0,0.0,48,Female,Standard,No one,True,False,0,0,0,0,0,0,1
12,3,0.3333333333333333,73,3.0,0.3333333333333333,0.6666666666666666,0.0,73,Female,Premium,No one,True,False,0,0,0,0,0,0,0
23,1,0.0,175,0.0,0.0,0.0,0.0,0,Female,Premium,No one,False,True,1,0,0,0,0,1,1
45,2,0.0,138,0.0,0.0,0.0,0.0,138,Male,Premium,No one,True,True,0,1,1,0,0,0,1
39,5,0.2,67,0.0,0.0,0.0,0.0,0,Male,Premium,Jeffrey,False,True,0,0,0,1,0,0,1
14,2,0.0,133,0.0,0.0,0.0,0.0,0,Male,Standard,Mike,False,True,0,1,1,0,0,0,1
30,3,0.3333333333333333,163,2.0,0.0,0.5,0.5,163,Male,Premium,Jeffrey,True,True,0,0,1,0,0,0,0
15,3,0.0,72,0.0,0.0,0.0,0.0,72,Female,Premium,Jeffrey,True,True,0,0,1,0,0,0,1
12,1,0.0,41,0.0,0.0,0.0,0.0,41,Male,Standard,Jeffrey,True,True,0,0,0,0,1,1,1
46,4,0.25,136,3.0,0.3333333333333333,0.6666666666666666,0.0,0,Male,Standard,Mike,False,True,0,1,1,0,0,0,0
49,4,0.25,31,0.0,0.0,0.0,0.0,0,Male,Premium,No one,False,True,0,1,0,0,0,0,1
43,2,0.5,142,0.0,0.0,0.0,0.0,142,Female,Premium,Chantal,True,True,0,0,1,0,0,1,1
19,2,0.0,133,1.0,0.0,0.0,0.0,0,Male,Premium,Jeffrey,False,True,0,0,0,0,1,0,1
42,3,0.3333333333333333,173,0.0,0.0,0.0,0.0,0,Male,Premium,Chantal,False,True,0,0,0,1,0,0,1
46,1,1.0,163,1.0,1.0,0.0,0.0,0,Male,Standard,No one,False,True,1,1,0,0,0,0,0
18,3,0.0,133,2.0,0.5,0.5,0.0,0,Male,Standard,Chantal,False,False,0,0,0,0,0,0,0
41,1,0.0,102,2.0,1.0,0.0,0.0,102,Male,Premium,Jeffrey,True,True,0,0,1,1,0,0,0
19,4,0.0,59,0.0,0.0,0.0,0.0,0,Male,Premium,Hanna,False,True,0,0,1,0,0,0,1
17,2,0.5,36,0.0,0.0,0.0,0.0,0,Male,Premium,Chantal,False,True,0,0,0,1,0,0,1
27,2,0.0,146,1.0,0.0,0.0,1.0,146,Female,Standard,Chantal,True,False,0,0,0,0,0,0,0
25,3,0.6666666666666666,56,0.0,0.0,0.0,0.0,56,Male,Premium,No one,True,False,0,0,0,0,0,0,1
23,2,0.5,168,2.0,0.5,0.5,0.0,0,Male,Premium,No one,False,False,0,0,0,0,0,0,0
35,1,0.0,53,0.0,0.0,0.0,0.0,0,Female,Standard,Chantal,False,False,0,0,0,0,0,0,1
38,3,0.0,141,1.0,0.0,0.0,1.0,141,Female,Standard,No one,True,False,0,0,0,0,0,0,0
49,3,0.0,38,0.0,0.0,0.0,0.0,0,Male,Premium,Mike,False,True,0,0,0,1,0,0,1
34,1,1.0,39,0.0,0.0,0.0,0.0,39,Male,Standard,Jeffrey,True,True,0,0,1,0,0,0,1
46,3,0.3333333333333333,35,1.0,0.0,1.0,0.0,0,Female,Premium,No one,False,True,0,0,1,0,0,1,2
45,5,0.2,120,3.0,0.3333333333333333,0.3333333333333333,0.3333333333333333,120,Male,Standard,No one,True,False,0,0,0,0,0,0,0
36,5,0.2,78,0.0,0.0,0.0,0.0,0,Male,Premium,Mike,False,True,0,0,0,1,0,0,1
45,2,0.5,154,0.0,0.0,0.0,0.0,154,Male,Premium,Chantal,True,True,0,0,0,0,0,1,1
49,3,0.3333333333333333,153,3.0,0.3333333333333333,0.3333333333333333,0.3333333333333333,0,Male,Premium,Mike,False,False,0,0,0,0,0,0,0
19,5,0.2,89,0.0,0.0,0.0,0.0,0,Male,Standard,No one,False,True,0,0,1,0,0,0,1
24,2,0.0,108,0.0,0.0,0.0,0.0,0,Female,Standard,No one,False,False,0,0,0,0,0,0,1
24,3,0.3333333333333333,156,0.0,0.0,0.0,0.0,0,Male,Standard,No one,False,True,0,0,0,0,1,0,1
31,1,0.0,162,0.0,0.0,0.0,0.0,0,Male,Standard,No one,False,False,0,0,0,0,0,0,1
48,3,0.3333333333333333,71,2.0,0.0,1.0,0.0,71,Female,Premium,Jeffrey,True,False,0,0,0,0,0,0,2
17,1,0.0,170,2.0,1.0,0.0,0.0,0,Male,Premium,Chantal,False,True,1,0,0,0,1,0,0
31,5,0.4,56,0.0,0.0,0.0,0.0,0,Male,Premium,No one,False,False,0,0,0,0,0,0,1
22,3,0.3333333333333333,128,1.0,0.0,0.0,1.0,0,Male,Standard,No one,False,False,0,0,0,0,0,0,0
37,3,0.6666666666666666,141,0.0,0.0,0.0,0.0,141,Male,Premium,No one,True,False,0,0,0,0,0,0,1
39,5,0.2,119,2.0,0.0,0.5,0.5,0,Male,Standard,Mike,False,True,0,0,0,1,0,0,0
14,3,0.6666666666666666,135,0.0,0.0,0.0,0.0,135,Female,Standard,No one,True,False,0,0,0,0,0,0,1
19,1,1.0,79,0.0,0.0,0.0,0.0,79,Female,Standard,No one,True,False,0,0,0,0,0,0,1
27,4,0.25,156,0.0,0.0,0.0,0.0,0,Female,Standard,Hanna,False,True,0,1,0,1,0,0,1
35,5,0.2,178,1.0,0.0,1.0,0.0,0,Female,Standard,No one,False,False,0,0,0,0,0,0,2
19,2,0.0,91,1.0,1.0,0.0,0.0,91,Female,Premium,Jeffrey,True,True,0,0,1,0,0,0,0
21,5,0.4,179,3.0,0.0,0.3333333333333333,0.6666666666666666,179,Female,Premium,No one,True,True,0,0,1,0,0,1,0
20,3,0.0,107,3.0,0.3333333333333333,0.0,0.6666666666666666,107,Male,Standard,Jeffrey,True,False,0,0,0,0,0,0,0
19,4,0.5,81,2.0,0.5,0.5,0.0,0,Male,Premium,No one,False,True,0,0,0,0,0,1,0
42,2,0.0,151,0.0,0.0,0.0,0.0,0,Female,Premium,Hanna,False,True,0,0,0,0,0,1,1
18,1,0.0,32,0.0,0.0,0.0,0.0,32,Male,Premium,Mike,True,False,0,0,0,0,0,0,1
49,1,1.0,37,0.0,0.0,0.0,0.0,0,Female,Premium,Mike,False,True,1,0,0,0,0,0,1
17,5,0.4,39,1.0,0.0,0.0,1.0,39,Female,Premium,Hanna,True,True,0,0,0,1,0,0,0
27,1,0.0,161,3.0,0.3333333333333333,0.6666666666666666,0.0,0,Male,Standard,Jeffrey,False,False,0,0,0,0,0,0,0
24,4,0.25,125,0.0,0.0,0.0,0.0,0,Female,Premium,No one,False,False,0,0,0,0,0,0,1
37,4,0.25,132,3.0,0.3333333333333333,0.0,0.6666666666666666,132,Male,Standard,No one,True,True,0,0,1,0,0,0,0
24,1,1.0,138,0.0,0.0,0.0,0.0,138,Female,Premium,Mike,True,False,0,0,0,0,0,0,1
28,5,0.4,116,2.0,1.0,0.0,0.0,0,Female,Premium,No one,False,False,0,0,0,0,0,0,0
18,3,0.3333333333333333,169,0.0,0.0,0.0,0.0,0,Male,Standard,No one,False,False,0,0,0,0,0,0,1
18,2,0.0,78,3.0,0.0,0.3333333333333333,0.6666666666666666,0,Male,Standard,No one,False,True,0,1,0,0,0,0,0
32,5,0.0,168,2.0,0.5,0.0,0.5,0,Female,Premium,No one,False,True,1,0,0,0,0,0,0
40,2,0.0,67,2.0,0.5,0.0,0.5,0,Male,Premium,Jeffrey,False,True,0,0,0,1,0,0,0
20,4,0.25,67,0.0,0.0,0.0,0.0,67,Male,Standard,No one,True,False,0,0,0,0,0,0,1
21,1,1.0,30,3.0,0.0,0.3333333333333333,0.3333333333333333,30,Male,Premium,Mike,True,True,0,0,1,0,0,0,2
38,1,1.0,62,1.0,0.0,0.0,1.0,0,Female,Premium,Mike,False,False,0,0,0,0,0,0,0
45,2,0.0,117,3.0,0.3333333333333333,0.6666666666666666,0.0,0,Male,Standard,No one,False,True,0,1,1,0,0,0,0
22,2,0.5,44,0.0,0.0,0.0,0.0,44,Male,Standard,No one,True,True,0,1,0,0,0,1,1
17,5,0.2,135,0.0,0.0,0.0,0.0,0,Female,Premium,Chantal,False,True,0,0,0,1,0,0,1
32,5,0.4,144,0.0,0.0,0.0,0.0,0,Female,Standard,No one,False,True,0,0,1,0,0,0,1
44,2,0.0,126,0.0,0.0,0.0,0.0,126,Male,Standard,No one,True,False,0,0,0,0,0,0,1
47,2,0.5,59,2.0,0.0,0.0,1.0,59,Female,Premium,Chantal,True,True,0,1,0,0,0,0,0
43,1,0.0,51,0.0,0.0,0.0,0.0,51,Female,Standard,Jeffrey,True,False,0,0,0,0,0,0,1
48,5,0.4,173,0.0,0.0,0.0,0.0,173,Male,Standard,Hanna,True,False,0,0,0,0,0,0,1
32,5,0.2,85,0.0,0.0,0.0,0.0,85,Female,Standard,Mike,True,True,0,1,0,0,0,0,1
37,3,0.0,114,2.0,0.5,0.0,0.5,114,Female,Standard,No one,True,False,0,0,0,0,0,0,0
36,5,0.4,67,0.0,0.0,0.0,0.0,67,Female,Standard,No one,True,True,0,0,1,0,0,0,1
22,4,0.25,149,0.0,0.0,0.0,0.0,0,Male,Premium,Mike,False,False,0,0,0,0,0,0,1
37,2,0.0,42,0.0,0.0,0.0,0.0,0,Male,Premium,No one,False,False,0,0,0,0,0,0,1
39,3,0.3333333333333333,136,3.0,0.3333333333333333,0.3333333333333333,0.3333333333333333,136,Male,Standard,Mike,True,False,0,0,0,0,0,0,0
47,3,0.3333333333333333,54,0.0,0.0,0.0,0.0,0,Male,Standard,Hanna,False,False,0,0,0,0,0,0,1
49,2,0.0,66,1.0,0.0,0.0,1.0,66,Male,Premium,Chantal,True,False,0,0,0,0,0,0,0
27,2,0.5,97,0.0,0.0,0.0,0.0,97,Male,Standard,Chantal,True,False,0,0,0,0,0,0,1
44,2,0.5,154,3.0,0.6666666666666666,0.0,0.3333333333333333,0,Female,Standard,No one,False,False,0,0,0,0,0,0,0
13,2,0.0,33,0.0,0.0,0.0,0.0,33,Male,Standard,No one,True,False,0,0,0,0,0,0,1
14,2,0.0,177,1.0,0.0,0.0,0.0,177,Male,Standard,No one,True,False,0,0,0,0,0,0,1
25,2,0.0,114,0.0,0.0,0.0,0.0,0,Female,Standard,Hanna,False,True,0,0,1,0,0,0,1
32,2,0.5,93,1.0,0.0,0.0,1.0,93,Male,Premium,Mike,True,True,0,1,0,1,0,0,0
29,4,0.25,69,0.0,0.0,0.0,0.0,0,Female,Standard,Hanna,False,True,0,0,0,1,0,0,1
41,2,0.0,128,2.0,0.0,0.0,1.0,128,Male,Standard,Chantal,True,True,0,0,1,0,1,0,0
21,2,0.0,67,3.0,0.0,0.6666666666666666,0.3333333333333333,67,Male,Premium,Chantal,True,False,0,0,0,0,0,0,0
25,5,0.4,75,2.0,0.5,0.5,0.0,75,Male,Standard,No one,True,True,0,1,0,0,0,0,0
21,2,0.5,33,1.0,0.0,0.0,0.0,0,Female,Premium,Mike,False,True,1,0,0,0,0,0,1
13,2,0.5,71,0.0,0.0,0.0,0.0,0,Female,Standard,No one,False,False,0,0,0,0,0,0,1
48,4,0.25,35,0.0,0.0,0.0,0.0,0,Male,Premium,No one,False,True,0,0,0,1,0,0,1
20,5,0.4,96,0.0,0.0,0.0,0.0,0,Male,Premium,Mike,False,True,0,1,1,0,0,0,1
37,2,0.0,60,2.0,0.0,0.5,0.5,60,Male,Premium,No one,True,False,0,0,0,0,0,0,0
42,5,0.2,165,0.0,0.0,0.0,0.0,165,Male,Premium,No one,True,True,0,0,1,0,0,0,1
20,3,0.3333333333333333,138,2.0,0.5,0.5,0.0,138,Female,Premium,Mike,True,False,0,0,0,0,0,0,0
26,2,0.5,133,2.0,0.0,1.0,0.0,0,Female,Standard,No one,False,False,0,0,0,0,0,0,2
42,5,0.4,174,0.0,0.0,0.0,0.0,174,Female,Premium,No one,True,True,1,0,0,0,0,0,1
17,1,0.0,102,0.0,0.0,0.0,0.0,0,Male,Standard,No one,False,True,0,1,0,0,0,1,1
26,1,0.0,76,2.0,0.0,0.5,0.5,76,Female,Premium,Hanna,True,True,0,0,0,1,0,1,0
41,1,0.0,140,1.0,0.0,0.0,1.0,0,Female,Premium,No one,False,False,0,0,0,0,0,0,0
36,3,0.0,149,0.0,0.0,0.0,0.0,0,Male,Standard,No one,False,True,0,0,1,0,1,0,1
23,4,0.25,124,0.0,0.0,0.0,0.0,124,Female,Standard,No one,True,True,0,0,0,1,0,1,1
30,5,0.2,56,0.0,0.0,0.0,0.0,0,Male,Standard,Jeffrey,False,False,0,0,0,0,0,0,1
34,2,0.5,73,0.0,0.0,0.0,0.0,73,Female,Premium,Chantal,True,False,0,0,0,0,0,0,1
43,5,0.4,100,0.0,0.0,0.0,0.0,0,Female,Premium,Mike,False,True,0,0,0,0,1,1,1
13,3,0.3333333333333333,62,3.0,0.3333333333333333,0.3333333333333333,0.0,0,Male,Premium,No one,False,False,0,0,0,0,0,0,0
23,3,0.3333333333333333,89,3.0,0.0,0.3333333333333333,0.3333333333333333,0,Female,Premium,Chantal,False,True,0,0,1,0,1,0,0
45,3,0.0,156,1.0,0.0,1.0,0.0,156,Male,Standard,Jeffrey,True,False,0,0,0,0,0,0,2
42,3,0.3333333333333333,84,0.0,0.0,0.0,0.0,84,Female,Standard,Hanna,True,False,0,0,0,0,0,0,1
35,1,1.0,40,0.0,0.0,0.0,0.0,0,Male,Standard,No one,False,False,0,0,0,0,0,0,1
26,4,0.5,107,3.0,0.6666666666666666,0.0,0.0,0,Male,Standard,No one,False,False,0,0,0,0,0,0,0
20,2,0.5,143,3.0,0.3333333333333333,0.0,0.3333333333333333,143,Male,Standard,Chantal,True,True,0,0,0,1,0,0,0
32,3,0.3333333333333333,164,0.0,0.0,0.0,0.0,164,Female,Standard,Chantal,True,False,0,0,0,0,0,0,1
31,4,0.25,87,0.0,0.0,0.0,0.0,87,Female,Premium,No one,True,False,0,0,0,0,0,0,1
29,3,0.3333333333333333,74,0.0,0.0,0.0,0.0,74,Male,Standard,Mike,True,False,0,0,0,0,0,0,1
34,2,0.5,35,3.0,0.3333333333333333,0.3333333333333333,0.3333333333333333,35,Male,Standard,Chantal,True,False,0,0,0,0,0,0,0
44,1,0.0,34,0.0,0.0,0.0,0.0,0,Female,Standard,Chantal,False,True,0,0,0,1,1,0,1
22,5,0.2,110,1.0,0.0,0.0,0.0,0,Male,Premium,No one,False,False,0,0,0,0,0,0,1
48,1,0.0,172,2.0,0.5,0.5,0.0,172,Male,Standard,No one,True,True,0,0,1,0,0,1,0
36,1,1.0,158,0.0,0.0,0.0,0.0,0,Male,Standard,No one,False,True,0,0,1,0,0,0,1
16,1,0.0,107,3.0,0.3333333333333333,0.6666666666666666,0.0,107,Male,Premium,Mike,True,False,0,0,0,0,0,0,0
14,3,0.0,70,0.0,0.0,0.0,0.0,70,Male,Standard,Chantal,True,True,0,0,1,1,0,0,1
36,3,0.3333333333333333,38,0.0,0.0,0.0,0.0,0,Male,Premium,Chantal,False,True,1,0,0,0,0,0,1
40,2,0.5,166,0.0,0.0,0.0,0.0,166,Male,Premium,Chantal,True,False,0,0,0,0,0,0,1
32,3,0.6666666666666666,147,0.0,0.0,0.0,0.0,0,Male,Premium,No one,False,True,0,1,0,1,0,0,1
12,5,0.4,153,2.0,1.0,0.0,0.0,153,Female,Standard,Chantal,True,True,1,0,0,1,0,0,0
26,3,0.3333333333333333,60,0.0,0.0,0.0,0.0,0,Male,Premium,No one,False,True,0,0,1,0,0,1,1
23,2,0.5,37,0.0,0.0,0.0,0.0,0,Male,Standard,Chantal,False,False,0,0,0,0,0,0,1
26,5,0.4,51,1.0,1.0,0.0,0.0,51,Male,Premium,Chantal,True,False,0,0,0,0,0,0,0
30,3,0.0,59,1.0,0.0,0.0,1.0,59,Female,Standard,Chantal,True,False,0,0,0,0,0,0,0
29,3,0.3333333333333333,39,0.0,0.0,0.0,0.0,39,Male,Standard,No one,True,False,0,0,0,0,0,0,1
47,3,0.3333333333333333,49,0.0,0.0,0.0,0.0,0,Female,Standard,No one,False,True,0,0,1,1,0,0,1
13,3,0.3333333333333333,142,0.0,0.0,0.0,0.0,142,Female,Standard,No one,True,True,0,0,0,0,0,1,1
22,5,0.2,51,0.0,0.0,0.0,0.0,51,Female,Standard,No one,True,False,0,0,0,0,0,0,1
33,4,0.5,49,1.0,1.0,0.0,0.0,49,Male,Premium,No one,True,False,0,0,0,0,0,0,0
27,2,0.5,163,0.0,0.0,0.0,0.0,163,Female,Standard,No one,True,True,0,0,0,0,0,1,1
35,2,0.0,66,2.0,0.0,0.5,0.0,0,Female,Premium,No one,False,True,0,0,0,0,0,1,0
21,3,0.3333333333333333,97,1.0,0.0,1.0,0.0,97,Female,Premium,No one,True,True,0,0,0,0,0,1,2
40,3,0.3333333333333333,171,0.0,0.0,0.0,0.0,171,Male,Premium,Hanna,True,False,0,0,0,0,0,0,1
15,3,0.6666666666666666,34,0.0,0.0,0.0,0.0,34,Male,Standard,No one,True,False,0,0,0,0,0,0,1
23,3,0.6666666666666666,51,0.0,0.0,0.0,0.0,51,Female,Premium,No one,True,False,0,0,0,0,0,0,1
49,1,0.0,44,3.0,0.6666666666666666,0.0,0.0,0,Female,Standard,Chantal,False,False,0,0,0,0,0,0,0
42,2,0.0,116,0.0,0.0,0.0,0.0,0,Male,Premium,Chantal,False,True,0,1,0,0,1,0,1
27,3,0.0,92,2.0,1.0,0.0,0.0,0,Male,Premium,No one,False,True,0,0,1,0,0,1,0
41,3,0.3333333333333333,101,3.0,0.3333333333333333,0.3333333333333333,0.3333333333333333,0,Female,Standard,Chantal,False,True,0,0,0,0,1,1,0
22,3,0.3333333333333333,146,3.0,0.6666666666666666,0.3333333333333333,0.0,0,Male,Premium,Jeffrey,False,False,0,0,0,0,0,0,0
36,4,0.0,146,0.0,0.0,0.0,0.0,146,Female,Standard,No one,True,False,0,0,0,0,0,0,1
26,5,0.4,68,1.0,1.0,0.0,0.0,68,Male,Standard,Jeffrey,True,True,0,0,1,0,0,0,0
19,5,0.2,176,3.0,0.6666666666666666,0.3333333333333333,0.0,176,Female,Premium,Mike,True,False,0,0,0,0,0,0,0
38,4,0.25,89,1.0,1.0,0.0,0.0,89,Female,Standard,No one,True,False,0,0,0,0,0,0,0
39,2,0.5,104,0.0,0.0,0.0,0.0,0,Male,Standard,Mike,False,False,0,0,0,0,0,0,1
43,3,0.3333333333333333,172,2.0,0.0,0.5,0.0,0,Female,Premium,No one,False,False,0,0,0,0,0,0,0
39,3,0.0,105,0.0,0.0,0.0,0.0,105,Female,Standard,No one,True,False,0,0,0,0,0,0,1
21,3,0.6666666666666666,49,0.0,0.0,0.0,0.0,0,Male,Standard,No one,False,True,1,0,0,0,1,0,1
39,2,0.5,121,0.0,0.0,0.0,0.0,0,Female,Standard,Jeffrey,False,False,0,0,0,0,0,0,1
35,2,0.0,61,2.0,0.0,0.5,0.5,0,Female,Standard,Jeffrey,False,True,0,0,0,0,0,1,0
35,1,0.0,156,2.0,0.0,0.0,0.5,0,Male,Standard,No one,False,False,0,0,0,0,0,0,0
31,1,0.0,163,2.0,1.0,0.0,0.0,0,Female,Standard,No one,False,False,0,0,0,0,0,0,0
15,2,0.0,73,0.0,0.0,0.0,0.0,73,Female,Premium,Mike,True,True,1,0,0,0,0,0,1
44,2,0.0,62,1.0,0.0,0.0,1.0,62,Female,Premium,No one,True,False,0,0,0,0,0,0,0
37,1,0.0,133,2.0,0.5,0.0,0.5,0,Male,Standard,No one,False,False,0,0,0,0,0,0,0
32,1,1.0,44,2.0,0.0,0.5,0.5,44,Male,Standard,No one,True,False,0,0,0,0,0,0,2
17,2,0.5,83,1.0,0.0,0.0,0.0,0,Female,Standard,No one,False,True,0,0,0,1,1,0,1
37,1,0.0,113,1.0,0.0,1.0,0.0,0,Female,Standard,No one,False,False,0,0,0,0,0,0,2
25,3,0.3333333333333333,65,0.0,0.0,0.0,0.0,0,Female,Standard,Hanna,False,False,0,0,0,0,0,0,1
32,2,0.5,162,3.0,0.0,0.6666666666666666,0.0,0,Female,Standard,Jeffrey,False,False,0,0,0,0,0,0,0
44,5,0.2,145,1.0,1.0,0.0,0.0,145,Female,Standard,Mike,True,False,0,0,0,0,0,0,0
37,4,0.0,126,3.0,0.3333333333333333,0.3333333333333333,0.3333333333333333,0,Female,Premium,No one,False,True,0,0,0,1,0,1,0
17,1,0.0,177,2.0,1.0,0.0,0.0,0,Male,Standard,Chantal,False,True,1,0,0,1,0,0,0
34,3,0.3333333333333333,76,3.0,0.3333333333333333,0.0,0.6666666666666666,76,Female,Standard,Chantal,True,False,0,0,0,0,0,0,0
21,2,0.0,161,3.0,0.6666666666666666,0.3333333333333333,0.0,161,Female,Premium,Hanna,True,True,0,0,0,0,0,1,0
44,3,0.0,117,0.0,0.0,0.0,0.0,0,Male,Standard,Chantal,False,True,0,0,1,0,0,0,1
28,2,0.0,154,2.0,0.0,0.5,0.5,0,Female,Standard,No one,False,True,0,1,0,1,0,0,0
23,1,1.0,139,1.0,0.0,0.0,1.0,0,Male,Premium,Chantal,False,False,0,0,0,0,0,0,0
29,1,0.0,80,1.0,1.0,0.0,0.0,80,Male,Premium,Jeffrey,True,True,0,1,0,0,0,0,0
28,1,0.0,87,3.0,0.3333333333333333,0.0,0.3333333333333333,87,Female,Premium,Hanna,True,True,0,1,0,0,0,0,0
21,2,0.0,106,0.0,0.0,0.0,0.0,106,Male,Premium,No one,True,False,0,0,0,0,0,0,1
46,5,0.2,168,2.0,0.5,0.5,0.0,168,Female,Premium,Jeffrey,True,True,0,1,1,0,0,0,0
33,2,1.0,135,3.0,0.0,0.0,0.6666666666666666,135,Female,Premium,No one,True,False,0,0,0,0,0,0,0
39,2,0.5,53,2.0,0.5,0.0,0.5,53,Female,Premium,Chantal,True,False,0,0,0,0,0,0,0
25,2,0.0,86,0.0,0.0,0.0,0.0,0,Male,Premium,Mike,False,False,0,0,0,0,0,0,1
29,3,0.6666666666666666,168,2.0,0.0,0.5,0.0,0,Female,Premium,No one,False,True,1,0,0,0,1,0,0
34,3,0.0,80,0.0,0.0,0.0,0.0,0,Male,Premium,Mike,False,False,0,0,0,0,0,0,1
40,2,0.5,50,1.0,1.0,0.0,0.0,50,Male,Premium,No one,True,True,0,0,0,1,0,0,0
14,3,0.3333333333333333,126,0.0,0.0,0.0,0.0,0,Female,Premium,No one,False,False,0,0,0,0,0,0,1
43,1,0.0,78,0.0,0.0,0.0,0.0,0,Male,Standard,No one,False,True,1,0,0,0,0,0,1
26,5,0.2,42,0.0,0.0,0.0,0.0,0,Male,Premium,No one,False,True,0,0,1,1,0,0,1
45,2,0.0,180,2.0,1.0,0.0,0.0,180,Male,Premium,Hanna,True,True,0,1,0,0,0,0,0
26,2,0.5,59,0.0,0.0,0.0,0.0,59,Female,Standard,Chantal,True,False,0,0,0,0,0,0,1
26,3,0.3333333333333333,56,3.0,0.0,0.3333333333333333,0.6666666666666666,56,Female,Premium,No one,True,True,0,1,1,0,0,0,0
16,3,0.3333333333333333,117,3.0,0.3333333333333333,0.0,0.3333333333333333,0,Female,Premium,Hanna,False,True,0,0,0,1,1,0,0
49,1,0.0,83,2.0,0.0,0.5,0.5,83,Male,Premium,Hanna,True,False,0,0,0,0,0,0,0
26,2,0.0,131,1.0,0.0,1.0,0.0,131,Male,Premium,Jeffrey,True,True,0,1,0,0,0,0,2
19,2,0.5,86,2.0,0.0,0.5,0.0,0,Male,Standard,Jeffrey,False,False,0,0,0,0,0,0,0
34,1,0.0,109,2.0,0.5,0.0,0.5,109,Female,Premium,Chantal,True,False,0,0,0,0,0,0,0
12,3,0.3333333333333333,87,0.0,0.0,0.0,0.0,0,Female,Standard,Hanna,False,False,0,0,0,0,0,0,1
26,5,0.2,105,0.0,0.0,0.0,0.0,105,Female,Standard,No one,True,True,1,0,0,0,0,1,1
39,2,0.0,105,2.0,0.5,0.0,0.5,0,Female,Standard,Jeffrey,False,False,0,0,0,0,0,0,0
41,4,0.25,48,2.0,0.5,0.5,0.0,0,Female,Standard,No one,False,True,0,0,1,0,0,1,0
17,2,0.0,174,0.0,0.0,0.0,0.0,174,Female,Premium,Hanna,True,True,0,1,0,0,0,0,1
28,3,0.3333333333333333,41,0.0,0.0,0.0,0.0,0,Female,Standard,Chantal,False,False,0,0,0,0,0,0,1
37,3,0.6666666666666666,48,0.0,0.0,0.0,0.0,48,Female,Premium,No one,True,False,0,0,0,0,0,0,1
33,3,0.6666666666666666,65,0.0,0.0,0.0,0.0,65,Female,Standard,No one,True,False,0,0,0,0,0,0,1
45,2,0.0,153,3.0,0.3333333333333333,0.0,0.3333333333333333,153,Female,Premium,Hanna,True,True,0,0,1,1,0,0,0
17,2,0.5,166,0.0,0.0,0.0,0.0,166,Male,Premium,Mike,True,False,0,0,0,0,0,0,1
29,3,0.3333333333333333,66,1.0,0.0,1.0,0.0,66,Male,Standard,No one,True,False,0,0,0,0,0,0,2
20,1,0.0,57,0.0,0.0,0.0,0.0,57,Female,Premium,Hanna,True,True,0,1,0,0,0,0,1
17,2,0.0,162,3.0,0.0,0.0,0.6666666666666666,162,Female,Premium,No one,True,True,0,0,0,0,1,0,0
16,3,0.6666666666666666,31,0.0,0.0,0.0,0.0,0,Female,Premium,Chantal,False,True,0,0,0,0,0,1,1
15,3,0.3333333333333333,36,2.0,0.5,0.5,0.0,36,Female,Premium,Chantal,True,True,1,1,0,0,0,0,0
27,2,0.5,141,3.0,0.3333333333333333,0.0,0.3333333333333333,0,Male,Premium,Jeffrey,False,True,0,0,0,1,0,0,0
26,4,0.25,156,2.0,0.5,0.0,0.5,156,Female,Standard,Chantal,True,False,0,0,0,0,0,0,0
22,3,0.3333333333333333,97,2.0,0.0,0.0,0.5,0,Female,Standard,No one,False,True,0,1,0,1,0,0,0
22,1,0.0,42,0.0,0.0,0.0,0.0,42,Male,Premium,Chantal,True,True,0,0,1,0,0,0,1
19,3,0.3333333333333333,164,0.0,0.0,0.0,0.0,164,Female,Standard,Jeffrey,True,False,0,0,0,0,0,0,1
45,3,0.3333333333333333,168,0.0,0.0,0.0,0.0,168,Male,Premium,Mike,True,False,0,0,0,0,0,0,1
44,2,0.0,55,0.0,0.0,0.0,0.0,0,Female,Standard,No one,False,False,0,0,0,0,0,0,1
39,2,0.5,45,2.0,0.0,0.5,0.0,0,Male,Standard,Chantal,False,True,1,0,0,0,0,0,0
30,1,1.0,90,1.0,0.0,0.0,0.0,90,Male,Premium,Mike,True,False,0,0,0,0,0,0,1
29,1,1.0,79,1.0,0.0,1.0,0.0,0,Female,Standard,No one,False,False,0,0,0,0,0,0,2
29,1,1.0,81,0.0,0.0,0.0,0.0,81,Female,Premium,Chantal,True,False,0,0,0,0,0,0,1
36,3,0.6666666666666666,61,1.0,0.0,0.0,0.0,61,Male,Premium,No one,True,False,0,0,0,0,0,0,1
16,3,0.3333333333333333,129,2.0,0.0,0.5,0.5,129,Female,Standard,No one,True,True,0,0,1,0,0,0,0
49,3,0.3333333333333333,114,0.0,0.0,0.0,0.0,0,Female,Premium,No one,False,True,1,0,1,0,0,0,1
19,3,0.3333333333333333,59,3.0,0.6666666666666666,0.3333333333333333,0.0,0,Female,Premium,No one,False,False,0,0,0,0,0,0,0
46,2,0.0,132,0.0,0.0,0.0,0.0,0,Male,Premium,Hanna,False,True,0,1,1,0,0,0,1
26,3,0.0,112,0.0,0.0,0.0,0.0,112,Female,Standard,Chantal,True,True,0,1,0,0,1,0,1
34,4,0.0,69,0.0,0.0,0.0,0.0,0,Female,Standard,No one,False,False,0,0,0,0,0,0,1
37,5,0.4,135,1.0,0.0,1.0,0.0,135,Female,Premium,Chantal,True,False,0,0,0,0,0,0,2
22,1,1.0,96,3.0,0.3333333333333333,0.0,0.3333333333333333,96,Female,Premium,No one,True,True,0,0,1,0,0,0,0
41,5,0.4,137,0.0,0.0,0.0,0.0,0,Male,Premium,Chantal,False,False,0,0,0,0,0,0,1
39,2,0.5,39,0.0,0.0,0.0,0.0,0,Female,Premium,No one,False,False,0,0,0,0,0,0,1
14,3,0.3333333333333333,180,0.0,0.0,0.0,0.0,0,Male,Premium,Mike,False,True,0,1,0,0,0,0,1
16,3,0.6666666666666666,129,3.0,0.3333333333333333,0.0,0.6666666666666666,0,Female,Standard,No one,False,True,1,0,0,0,0,0,0
31,2,0.5,85,3.0,0.0,0.3333333333333333,0.6666666666666666,85,Male,Standard,Jeffrey,True,True,0,0,0,1,0,1,0
25,2,0.0,45,0.0,0.0,0.0,0.0,0,Female,Standard,Chantal,False,True,0,0,1,0,0,0,1
31,2,0.5,130,3.0,0.6666666666666666,0.0,0.3333333333333333,130,Male,Premium,No one,True,True,0,1,0,0,1,0,0
30,5,0.2,164,2.0,0.5,0.0,0.5,164,Male,Standard,Jeffrey,True,False,0,0,0,0,0,0,0
47,3,0.6666666666666666,167,0.0,0.0,0.0,0.0,167,Female,Premium,No one,True,True,0,0,0,0,1,0,1
29,5,0.4,170,0.0,0.0,0.0,0.0,0,Female,Standard,No one,False,False,0,0,0,0,0,0,1
43,1,1.0,120,1.0,0.0,0.0,1.0,120,Female,Standard,Chantal,True,True,1,0,0,0,0,1,0
23,1,1.0,96,0.0,0.0,0.0,0.0,0,Male,Standard,Mike,False,False,0,0,0,0,0,0,1
27,2,0.0,159,1.0,0.0,0.0,0.0,159,Male,Premium,No one,True,True,0,0,1,0,0,0,1
34,2,0.0,99,0.0,0.0,0.0,0.0,0,Male,Premium,Mike,False,True,0,0,0,0,0,1,1
12,2,0.5,118,2.0,0.0,0.5,0.5,118,Male,Standard,Chantal,True,True,0,0,0,1,1,0,0
37,1,1.0,172,1.0,1.0,0.0,0.0,172,Male,Premium,No one,True,False,0,0,0,0,0,0,0
38,3,0.0,67,1.0,1.0,0.0,0.0,67,Female,Standard,No one,True,True,1,0,0,1,0,0,0
30,1,1.0,180,0.0,0.0,0.0,0.0,0,Female,Standard,Hanna,False,False,0,0,0,0,0,0,1
25,2,0.0,90,2.0,1.0,0.0,0.0,90,Female,Standard,Jeffrey,True,False,0,0,0,0,0,0,0
49,2,0.5,126,0.0,0.0,0.0,0.0,126,Male,Standard,Hanna,True,False,0,0,0,0,0,0,1
35,1,0.0,156,0.0,0.0,0.0,0.0,0,Female,Premium,No one,False,True,0,1,0,0,0,0,1
41,2,0.5,120,2.0,0.5,0.0,0.5,120,Female,Standard,Jeffrey,True,True,1,0,0,0,1,0,0
33,3,0.0,77,0.0,0.0,0.0,0.0,77,Male,Premium,No one,True,True,0,0,0,1,1,0,1
27,2,0.0,130,0.0,0.0,0.0,0.0,0,Female,Premium,No one,False,True,0,1,0,0,0,1,1
18,3,0.0,143,3.0,0.3333333333333333,0.0,0.6666666666666666,143,Female,Standard,No one,True,True,0,0,0,0,0,1,0
18,4,0.5,144,1.0,1.0,0.0,0.0,0,Male,Premium,No one,False,True,0,1,0,0,0,0,0
30,4,0.5,102,3.0,0.0,0.3333333333333333,0.6666666666666666,0,Female,Premium,Jeffrey,False,False,0,0,0,0,0,0,0
39,4,0.5,73,2.0,1.0,0.0,0.0,0,Female,Standard,Jeffrey,False,True,0,1,0,1,0,0,0
30,3,0.6666666666666666,117,2.0,0.5,0.0,0.5,0,Female,Standard,Jeffrey,False,True,0,0,0,0,1,0,0
25,4,0.25,105,1.0,1.0,0.0,0.0,105,Female,Premium,Chantal,True,False,0,0,0,0,0,0,0
16,1,0.0,155,3.0,0.0,0.0,1.0,0,Female,Standard,Mike,False,False,0,0,0,0,0,0,0
30,3,0.3333333333333333,66,1.0,0.0,0.0,1.0,66,Male,Standard,Chantal,True,False,0,0,0,0,0,0,0
41,1,0.0,138,0.0,0.0,0.0,0.0,0,Female,Premium,Hanna,False,True,1,0,0,0,0,0,1
38,3,0.3333333333333333,80,1.0,0.0,0.0,1.0,80,Female,Standard,Jeffrey,True,True,0,1,0,0,1,0,0
46,3,0.3333333333333333,72,0.0,0.0,0.0,0.0,0,Male,Standard,Jeffrey,False,False,0,0,0,0,0,0,1
28,4,0.25,95,0.0,0.0,0.0,0.0,0,Female,Premium,Jeffrey,False,False,0,0,0,0,0,0,1
15,2,0.0,175,2.0,0.0,0.5,0.5,175,Male,Premium,No one,True,True,0,1,0,0,1,0,0
25,2,0.0,176,0.0,0.0,0.0,0.0,176,Male,Premium,No one,True,True,0,0,0,1,0,0,1
18,2,0.0,164,0.0,0.0,0.0,0.0,0,Female,Standard,No one,False,False,0,0,0,0,0,0,1
38,4,0.0,107,3.0,0.3333333333333333,0.3333333333333333,0.0,107,Female,Premium,Hanna,True,False,0,0,0,0,0,0,0
22,4,0.25,75,0.0,0.0,0.0,0.0,75,Female,Standard,No one,True,True,0,0,0,0,1,0,1
44,3,0.3333333333333333,43,0.0,0.0,0.0,0.0,43,Female,Premium,Jeffrey,True,True,1,0,0,0,0,0,1
14,5,0.4,103,2.0,0.5,0.0,0.5,103,Male,Premium,Mike,True,False,0,0,0,0,0,0,0
41,3,0.6666666666666666,103,0.0,0.0,0.0,0.0,103,Female,Premium,Chantal,True,False,0,0,0,0,0,0,1
34,2,0.5,55,1.0,0.0,0.0,0.0,0,Male,Premium,Jeffrey,False,False,0,0,0,0,0,0,1
26,1,0.0,84,1.0,0.0,0.0,1.0,84,Male,Premium,Chantal,True,True,0,1,0,0,1,0,0
48,1,0.0,75,0.0,0.0,0.0,0.0,75,Female,Standard,Chantal,True,True,0,0,0,1,0,0,1
45,1,0.0,71,2.0,0.5,0.0,0.0,71,Male,Standard,No one,True,True,0,0,0,1,1,0,0
20,4,0.25,129,2.0,1.0,0.0,0.0,0,Male,Standard,Mike,False,False,0,0,0,0,0,0,0
33,3,0.6666666666666666,92,3.0,0.3333333333333333,0.3333333333333333,0.3333333333333333,0,Male,Standard,Jeffrey,False,True,0,0,0,0,1,0,0
23,2,0.5,106,0.0,0.0,0.0,0.0,106,Male,Standard,Jeffrey,True,False,0,0,0,0,0,0,1
23,2,0.0,140,2.0,0.0,1.0,0.0,140,Male,Standard,Mike,True,True,0,0,0,0,1,0,2
22,1,0.0,54,0.0,0.0,0.0,0.0,0,Female,Premium,No one,False,True,1,0,0,0,0,0,1
43,3,0.0,39,0.0,0.0,0.0,0.0,39,Female,Standard,Mike,True,False,0,0,0,0,0,0,1
14,2,0.5,141,0.0,0.0,0.0,0.0,141,Male,Premium,Chantal,True,True,1,0,0,0,0,0,1
24,2,0.5,177,3.0,0.6666666666666666,0.0,0.0,177,Male,Premium,No one,True,False,0,0,0,0,0,0,0
45,1,1.0,154,0.0,0.0,0.0,0.0,0,Female,Standard,No one,False,True,1,0,0,0,0,0,1
19,2,0.0,126,1.0,0.0,0.0,0.0,0,Male,Premium,No one,False,True,0,0,0,0,0,1,1
26,3,0.0,139,2.0,0.0,0.5,0.5,139,Female,Premium,Mike,True,True,0,1,1,0,0,0,0
28,2,0.0,74,0.0,0.0,0.0,0.0,0,Male,Standard,No one,False,True,0,0,0,0,1,1,1
45,1,0.0,95,1.0,0.0,0.0,1.0,0,Male,Standard,No one,False,False,0,0,0,0,0,0,0
49,3,0.3333333333333333,53,1.0,0.0,0.0,1.0,53,Male,Standard,Mike,True,True,0,0,1,0,1,0,0
26,2,0.5,153,3.0,0.0,0.3333333333333333,0.3333333333333333,153,Female,Standard,Chantal,True,False,0,0,0,0,0,0,0
43,5,0.2,180,0.0,0.0,0.0,0.0,0,Male,Premium,Mike,False,False,0,0,0,0,0,0,1
33,2,0.5,139,0.0,0.0,0.0,0.0,0,Male,Premium,Mike,False,True,1,0,0,0,0,0,1
28,3,0.3333333333333333,60,0.0,0.0,0.0,0.0,0,Female,Standard,Chantal,False,False,0,0,0,0,0,0,1
49,1,0.0,155,1.0,1.0,0.0,0.0,0,Female,Premium,Jeffrey,False,False,0,0,0,0,0,0,0
16,2,0.0,69,0.0,0.0,0.0,0.0,69,Male,Standard,No one,True,False,0,0,0,0,0,0,1
39,2,0.0,145,2.0,0.0,0.5,0.5,0,Female,Standard,No one,False,True,0,1,0,0,0,0,0
12,3,0.3333333333333333,113,1.0,0.0,1.0,0.0,113,Female,Standard,No one,True,True,0,0,0,0,1,1,2
40,3,0.3333333333333333,54,0.0,0.0,0.0,0.0,54,Male,Standard,No one,True,True,0,0,0,1,0,1,1
44,1,1.0,67,0.0,0.0,0.0,0.0,0,Male,Premium,Jeffrey,False,True,0,0,1,0,0,0,1
12,2,1.0,129,0.0,0.0,0.0,0.0,0,Female,Premium,No one,False,False,0,0,0,0,0,0,1
43,4,0.25,63,3.0,0.3333333333333333,0.3333333333333333,0.3333333333333333,63,Male,Premium,Jeffrey,True,True,0,0,0,0,1,0,0
29,3,0.3333333333333333,40,3.0,0.3333333333333333,0.3333333333333333,0.3333333333333333,0,Female,Premium,No one,False,True,1,0,0,0,0,0,0
19,3,0.3333333333333333,60,0.0,0.0,0.0,0.0,60,Male,Standard,No one,True,True,0,0,1,1,0,0,1
19,2,0.5,63,3.0,0.6666666666666666,0.0,0.3333333333333333,0,Male,Premium,No one,False,False,0,0,0,0,0,0,0
13,1,0.0,30,0.0,0.0,0.0,0.0,0,Male,Premium,No one,False,True,0,0,0,1,0,0,1
16,3,0.3333333333333333,56,0.0,0.0,0.0,0.0,0,Female,Standard,Chantal,False,False,0,0,0,0,0,0,1
23,3,0.3333333333333333,128,2.0,0.5,0.0,0.5,0,Female,Standard,No one,False,False,0,0,0,0,0,0,0
35,1,0.0,174,0.0,0.0,0.0,0.0,0,Male,Standard,No one,False,True,1,0,0,0,0,0,1
27,2,0.0,112,0.0,0.0,0.0,0.0,0,Female,Premium,No one,False,True,0,0,1,0,0,0,1
47,2,0.5,69,2.0,0.0,0.0,0.5,69,Female,Premium,Chantal,True,True,1,1,0,0,0,0,0
45,1,0.0,87,0.0,0.0,0.0,0.0,87,Male,Standard,Jeffrey,True,False,0,0,0,0,0,0,1
27,1,0.0,85,0.0,0.0,0.0,0.0,0,Female,Premium,No one,False,False,0,0,0,0,0,0,1
19,3,0.3333333333333333,176,3.0,0.0,0.3333333333333333,0.3333333333333333,0,Male,Standard,Jeffrey,False,False,0,0,0,0,0,0,0
36,1,1.0,62,1.0,0.0,1.0,0.0,62,Male,Standard,Mike,True,True,0,0,0,1,0,1,2
23,3,0.3333333333333333,127,3.0,0.3333333333333333,0.3333333333333333,0.3333333333333333,0,Male,Standard,No one,False,False,0,0,0,0,0,0,0
25,1,1.0,33,2.0,0.5,0.5,0.0,0,Male,Premium,Hanna,False,True,0,0,0,0,1,0,2
23,3,0.0,30,2.0,0.5,0.5,0.0,0,Female,Standard,No one,False,True,0,0,0,0,0,1,0
21,1,0.0,84,0.0,0.0,0.0,0.0,0,Female,Standard,No one,False,True,0,0,0,0,0,1,1
48,1,0.0,137,1.0,0.0,0.0,1.0,0,Female,Premium,Chantal,False,False,0,0,0,0,0,0,0
26,4,0.0,147,0.0,0.0,0.0,0.0,0,Male,Standard,No one,False,True,0,1,0,0,0,0,1
17,2,0.0,93,2.0,0.0,1.0,0.0,0,Male,Standard,No one,False,False,0,0,0,0,0,0,2
13,2,0.5,135,1.0,0.0,1.0,0.0,0,Male,Standard,No one,False,True,0,0,1,0,1,0,2
33,3,0.3333333333333333,149,0.0,0.0,0.0,0.0,149,Female,Standard,No one,True,True,1,0,0,0,1,0,1
31,4,0.0,143,0.0,0.0,0.0,0.0,0,Female,Premium,No one,False,True,0,0,0,0,0,1,1
24,2,0.0,30,1.0,1.0,0.0,0.0,30,Female,Standard,No one,True,False,0,0,0,0,0,0,0
30,1,0.0,168,0.0,0.0,0.0,0.0,168,Female,Premium,Chantal,True,False,0,0,0,0,0,0,1
15,2,0.5,161,1.0,0.0,1.0,0.0,0,Female,Standard,No one,False,False,0,0,0,0,0,0,2
27,5,0.2,42,0.0,0.0,0.0,0.0,0,Female,Premium,No one,False,False,0,0,0,0,0,0,1
16,4,0.5,31,3.0,1.0,0.0,0.0,0,Male,Standard,Mike,False,True,0,0,0,0,0,1,0
34,3,0.0,129,0.0,0.0,0.0,0.0,129,Female,Premium,Chantal,True,True,0,0,0,0,0,1,1
26,3,0.3333333333333333,132,1.0,0.0,0.0,1.0,132,Female,Standard,No one,True,True,1,0,0,0,0,0,0
20,2,0.0,83,0.0,0.0,0.0,0.0,0,Male,Premium,No one,False,False,0,0,0,0,0,0,1
45,3,0.3333333333333333,58,2.0,0.0,1.0,0.0,58,Female,Premium,No one,True,True,0,0,1,0,1,0,2
31,2,0.0,173,1.0,0.0,1.0,0.0,173,Male,Premium,Mike,True,False,0,0,0,0,0,0,2
48,4,0.25,149,1.0,0.0,1.0,0.0,0,Male,Premium,Chantal,False,False,0,0,0,0,0,0,2
39,4,0.0,105,0.0,0.0,0.0,0.0,0,Female,Premium,No one,False,False,0,0,0,0,0,0,1
28,5,0.2,120,0.0,0.0,0.0,0.0,0,Male,Standard,No one,False,True,0,0,0,1,0,0,1
18,3,0.3333333333333333,163,2.0,0.5,0.5,0.0,0,Male,Premium,Jeffrey,False,False,0,0,0,0,0,0,0
36,3,0.3333333333333333,134,0.0,0.0,0.0,0.0,134,Male,Premium,No one,True,False,0,0,0,0,0,0,1
26,3,0.6666666666666666,74,1.0,0.0,1.0,0.0,0,Female,Standard,Chantal,False,False,0,0,0,0,0,0,2
44,2,0.5,107,0.0,0.0,0.0,0.0,107,Male,Premium,Jeffrey,True,True,0,0,0,0,1,0,1
12,1,0.0,138,2.0,0.5,0.5,0.0,0,Male,Premium,No one,False,False,0,0,0,0,0,0,0
24,1,0.0,175,2.0,0.0,0.5,0.5,175,Male,Standard,Hanna,True,False,0,0,0,0,0,0,0
48,2,0.0,79,0.0,0.0,0.0,0.0,0,Male,Premium,No one,False,False,0,0,0,0,0,0,1
13,1,1.0,60,2.0,0.0,1.0,0.0,60,Female,Premium,No one,True,False,0,0,0,0,0,0,2
29,2,0.0,118,0.0,0.0,0.0,0.0,118,Female,Standard,Jeffrey,True,True,0,0,1,0,0,0,1
12,2,0.0,101,2.0,0.5,0.0,0.5,0,Female,Premium,Hanna,False,False,0,0,0,0,0,0,0
37,1,0.0,49,3.0,0.6666666666666666,0.0,0.3333333333333333,0,Female,Premium,No one,False,True,0,0,0,0,0,1,0
20,1,0.0,88,0.0,0.0,0.0,0.0,88,Female,Standard,Hanna,True,True,1,0,0,0,0,1,1
22,2,0.5,83,0.0,0.0,0.0,0.0,0,Male,Standard,No one,False,True,0,0,0,1,0,0,1
13,2,0.5,56,1.0,0.0,0.0,1.0,0,Female,Standard,No one,False,True,1,0,0,0,0,1,0
35,1,0.0,58,3.0,0.6666666666666666,0.3333333333333333,0.0,58,Male,Premium,Jeffrey,True,False,0,0,0,0,0,0,0
18,1,1.0,35,0.0,0.0,0.0,0.0,0,Female,Premium,Jeffrey,False,True,0,0,0,1,0,0,1
36,2,0.5,118,0.0,0.0,0.0,0.0,0,Female,Standard,Mike,False,False,0,0,0,0,0,0,1
37,1,1.0,38,1.0,1.0,0.0,0.0,0,Female,Standard,No one,False,False,0,0,0,0,0,0,0
37,3,0.0,125,3.0,0.0,0.6666666666666666,0.3333333333333333,0,Male,Standard,No one,False,False,0,0,0,0,0,0,0
46,3,0.3333333333333333,115,2.0,0.0,0.5,0.0,115,Female,Premium,Jeffrey,True,False,0,0,0,0,0,0,0
39,4,0.25,116,1.0,0.0,1.0,0.0,0,Male,Premium,No one,False,True,0,0,0,0,1,1,2
39,2,0.0,116,0.0,0.0,0.0,0.0,116,Female,Standard,No one,True,False,0,0,0,0,0,0,1
37,1,0.0,80,2.0,0.0,0.0,0.5,80,Female,Standard,No one,True,True,0,0,1,0,0,0,0
48,3,0.0,53,0.0,0.0,0.0,0.0,53,Male,Standard,Hanna,True,True,0,0,0,0,0,1,1
46,2,0.0,83,0.0,0.0,0.0,0.0,83,Female,Premium,No one,True,False,0,0,0,0,0,0,1
45,2,0.0,140,0.0,0.0,0.0,0.0,140,Female,Standard,Hanna,True,False,0,0,0,0,0,0,1
43,5,0.4,81,2.0,0.5,0.5,0.0,81,Female,Premium,No one,True,True,0,1,0,0,1,0,0
38,1,0.0,151,3.0,0.0,0.3333333333333333,0.6666666666666666,0,Female,Standard,No one,False,True,0,1,0,0,0,0,0
16,5,0.2,87,0.0,0.0,0.0,0.0,87,Female,Premium,Jeffrey,True,False,0,0,0,0,0,0,1
17,2,0.5,148,0.0,0.0,0.0,0.0,148,Female,Standard,No one,True,False,0,0,0,0,0,0,1
42,1,0.0,86,3.0,0.6666666666666666,0.3333333333333333,0.0,0,Male,Standard,No one,False,False,0,0,0,0,0,0,0
33,2,0.0,176,0.0,0.0,0.0,0.0,176,Female,Standard,Hanna,True,False,0,0,0,0,0,0,1
44,4,0.0,166,1.0,0.0,1.0,0.0,166,Female,Premium,No one,True,True,1,1,0,0,0,0,2
35,5,0.4,180,0.0,0.0,0.0,0.0,180,Female,Premium,No one,True,False,0,0,0,0,0,0,1
31,2,0.0,84,2.0,0.5,0.0,0.5,0,Male,Premium,Hanna,False,True,0,1,0,0,0,0,0
40,1,0.0,74,0.0,0.0,0.0,0.0,74,Male,Standard,No one,True,True,0,1,0,1,0,0,1
49,2,0.0,77,0.0,0.0,0.0,0.0,0,Female,Premium,Hanna,False,True,1,0,0,0,0,0,1
16,5,0.4,41,2.0,1.0,0.0,0.0,41,Female,Standard,No one,True,True,0,0,0,0,0,1,0
27,3,0.3333333333333333,141,0.0,0.0,0.0,0.0,0,Male,Premium,No one,False,False,0,0,0,0,0,0,1
49,2,0.5,82,0.0,0.0,0.0,0.0,0,Female,Premium,Chantal,False,True,1,0,0,0,0,0,1
33,1,1.0,38,0.0,0.0,0.0,0.0,0,Female,Premium,Hanna,False,False,0,0,0,0,0,0,1
16,2,0.0,72,3.0,1.0,0.0,0.0,0,Male,Premium,Chantal,False,True,0,0,0,1,1,0,0
21,2,0.0,115,0.0,0.0,0.0,0.0,115,Female,Standard,Mike,True,True,0,1,1,0,0,0,1
41,5,0.4,115,0.0,0.0,0.0,0.0,115,Male,Premium,No one,True,False,0,0,0,0,0,0,1
35,2,0.5,154,0.0,0.0,0.0,0.0,154,Male,Premium,Hanna,True,False,0,0,0,0,0,0,1
18,3,0.3333333333333333,54,3.0,0.6666666666666666,0.0,0.0,0,Male,Standard,No one,False,True,0,0,0,1,0,0,0
49,3,0.6666666666666666,160,0.0,0.0,0.0,0.0,160,Male,Premium,No one,True,True,0,0,0,0,1,0,1
44,2,0.5,114,1.0,0.0,1.0,0.0,0,Female,Premium,No one,False,False,0,0,0,0,0,0,2
30,1,0.0,148,0.0,0.0,0.0,0.0,148,Female,Standard,No one,True,False,0,0,0,0,0,0,1
28,3,0.3333333333333333,81,0.0,0.0,0.0,0.0,0,Male,Standard,No one,False,False,0,0,0,0,0,0,1
26,2,0.5,63,1.0,0.0,1.0,0.0,63,Female,Premium,Chantal,True,False,0,0,0,0,0,0,2
32,3,0.0,53,0.0,0.0,0.0,0.0,0,Male,Standard,No one,False,True,0,0,1,0,0,0,1
26,5,0.4,101,1.0,1.0,0.0,0.0,101,Male,Premium,No one,True,False,0,0,0,0,0,0,0
19,3,0.3333333333333333,52,3.0,0.3333333333333333,0.3333333333333333,0.3333333333333333,52,Male,Premium,Hanna,True,False,0,0,0,0,0,0,0
15,4,0.5,108,0.0,0.0,0.0,0.0,108,Male,Standard,No one,True,True,0,0,1,1,0,0,1
31,2,0.0,73,2.0,0.0,1.0,0.0,73,Male,Standard,Chantal,True,False,0,0,0,0,0,0,2
39,5,0.2,128,1.0,1.0,0.0,0.0,128,Male,Standard,Jeffrey,True,False,0,0,0,0,0,0,0
43,3,0.6666666666666666,103,3.0,0.3333333333333333,0.3333333333333333,0.3333333333333333,0,Female,Standard,Mike,False,False,0,0,0,0,0,0,0
26,5,0.2,92,0.0,0.0,0.0,0.0,92,Female,Standard,Chantal,True,True,0,0,0,0,1,0,1
15,1,0.0,149,1.0,0.0,1.0,0.0,149,Male,Standard,Hanna,True,True,0,0,0,1,0,0,2
33,2,0.5,123,2.0,0.5,0.5,0.0,0,Male,Standard,Hanna,False,True,1,0,0,0,1,0,0
46,5,0.2,83,0.0,0.0,0.0,0.0,83,Male,Premium,Hanna,True,True,0,1,0,0,1,0,1
48,1,0.0,79,0.0,0.0,0.0,0.0,0,Male,Premium,Mike,False,True,0,0,0,0,1,0,1
14,2,0.0,171,3.0,0.0,0.0,0.6666666666666666,0,Female,Standard,Mike,False,False,0,0,0,0,0,0,0
38,5,0.4,141,0.0,0.0,0.0,0.0,0,Male,Standard,Jeffrey,False,True,1,0,0,0,0,0,1
44,3,0.3333333333333333,169,0.0,0.0,0.0,0.0,0,Male,Premium,Jeffrey,False,False,0,0,0,0,0,0,1
39,2,0.5,32,0.0,0.0,0.0,0.0,0,Female,Standard,Mike,False,True,1,0,0,0,0,1,1
49,2,0.5,124,0.0,0.0,0.0,0.0,0,Male,Standard,No one,False,True,0,0,0,0,1,1,1
17,3,0.3333333333333333,138,0.0,0.0,0.0,0.0,138,Male,Standard,No one,True,False,0,0,0,0,0,0,1
35,2,0.0,179,0.0,0.0,0.0,0.0,179,Female,Standard,Jeffrey,True,False,0,0,0,0,0,0,1
45,3,0.3333333333333333,174,1.0,1.0,0.0,0.0,174,Male,Standard,No one,True,False,0,0,0,0,0,0,0
29,3,0.0,90,3.0,0.6666666666666666,0.3333333333333333,0.0,0,Male,Standard,Hanna,False,False,0,0,0,0,0,0,0
42,3,0.3333333333333333,60,0.0,0.0,0.0,0.0,0,Female,Premium,Mike,False,True,0,0,1,0,0,0,1
18,3,0.3333333333333333,127,3.0,0.3333333333333333,0.0,0.3333333333333333,0,Female,Standard,No one,False,False,0,0,0,0,0,0,0
36,3,0.0,103,3.0,0.3333333333333333,0.0,0.3333333333333333,103,Female,Standard,No one,True,False,0,0,0,0,0,0,0
34,2,0.0,127,3.0,0.0,0.3333333333333333,0.6666666666666666,127,Female,Standard,No one,True,True,0,0,0,0,0,1,0
36,1,0.0,103,2.0,0.0,0.0,1.0,0,Female,Premium,Chantal,False,True,1,0,0,0,0,1,0
45,3,0.3333333333333333,132,0.0,0.0,0.0,0.0,0,Female,Standard,No one,False,False,0,0,0,0,0,0,1
43,5,0.4,44,3.0,0.0,0.6666666666666666,0.3333333333333333,44,Male,Standard,Mike,True,False,0,0,0,0,0,0,0
16,3,0.3333333333333333,129,0.0,0.0,0.0,0.0,129,Male,Premium,No one,True,True,0,0,1,0,0,0,1
39,3,0.0,172,0.0,0.0,0.0,0.0,0,Male,Premium,No one,False,True,1,0,0,0,1,0,1
37,2,0.0,40,0.0,0.0,0.0,0.0,0,Male,Standard,No one,False,True,1,0,0,0,0,0,1
24,4,0.5,66,0.0,0.0,0.0,0.0,0,Male,Standard,Chantal,False,False,0,0,0,0,0,0,1
37,3,0.0,143,0.0,0.0,0.0,0.0,0,Male,Premium,Jeffrey,False,False,0,0,0,0,0,0,1
48,3,0.3333333333333333,41,0.0,0.0,0.0,0.0,0,Male,Premium,Jeffrey,False,False,0,0,0,0,0,0,1
24,2,0.0,32,1.0,1.0,0.0,0.0,0,Female,Standard,No one,False,True,0,0,0,0,0,1,0
41,1,0.0,93,0.0,0.0,0.0,0.0,93,Male,Standard,No one,True,True,0,0,0,1,0,0,1
48,3,0.3333333333333333,56,2.0,0.0,0.5,0.5,0,Female,Premium,Hanna,False,True,0,1,1,0,0,0,0
13,2,1.0,51,2.0,0.5,0.0,0.5,0,Female,Premium,Jeffrey,False,True,0,0,0,1,0,1,0
43,3,0.0,67,0.0,0.0,0.0,0.0,0,Male,Premium,No one,False,False,0,0,0,0,0,0,1
22,4,0.0,170,0.0,0.0,0.0,0.0,0,Female,Premium,Hanna,False,True,1,0,1,0,0,0,1
21,5,0.4,155,2.0,0.5,0.0,0.0,155,Male,Standard,No one,True,False,0,0,0,0,0,0,0
29,2,0.5,110,2.0,0.5,0.0,0.0,0,Female,Premium,Chantal,False,True,0,1,0,0,0,0,0
39,2,1.0,75,0.0,0.0,0.0,0.0,0,Male,Standard,Mike,False,False,0,0,0,0,0,0,1
17,3,0.3333333333333333,82,0.0,0.0,0.0,0.0,82,Male,Standard,Chantal,True,False,0,0,0,0,0,0,1
21,5,0.4,92,0.0,0.0,0.0,0.0,92,Male,Standard,Chantal,True,True,0,1,0,0,1,0,1
28,3,0.3333333333333333,150,0.0,0.0,0.0,0.0,0,Female,Standard,Hanna,False,False,0,0,0,0,0,0,1
37,1,1.0,85,2.0,0.5,0.0,0.0,85,Male,Premium,No one,True,False,0,0,0,0,0,0,0
27,5,0.2,71,1.0,1.0,0.0,0.0,0,Female,Premium,No one,False,False,0,0,0,0,0,0,0
24,1,1.0,100,0.0,0.0,0.0,0.0,100,Female,Premium,Mike,True,False,0,0,0,0,0,0,1
18,1,0.0,150,0.0,0.0,0.0,0.0,150,Female,Premium,Hanna,True,True,0,0,0,1,0,0,1
26,3,0.3333333333333333,149,2.0,0.0,1.0,0.0,0,Female,Standard,Mike,False,True,1,0,0,0,0,1,2
23,1,0.0,147,0.0,0.0,0.0,0.0,0,Male,Standard,No one,False,False,0,0,0,0,0,0,1
18,2,0.5,179,0.0,0.0,0.0,0.0,0,Female,Premium,Chantal,False,False,0,0,0,0,0,0,1
25,4,0.0,71,3.0,0.3333333333333333,0.6666666666666666,0.0,71,Female,Premium,No one,True,False,0,0,0,0,0,0,0
17,5,0.4,115,2.0,0.0,0.5,0.5,0,Female,Premium,No one,False,True,0,0,0,0,1,0,0
25,1,0.0,135,0.0,0.0,0.0,0.0,0,Female,Premium,Chantal,False,True,0,0,0,1,0,1,1
47,2,0.0,55,3.0,0.3333333333333333,0.3333333333333333,0.3333333333333333,55,Female,Standard,Mike,True,True,1,0,0,0,1,0,0
25,2,0.0,37,2.0,0.5,0.0,0.0,37,Male,Premium,Jeffrey,True,False,0,0,0,0,0,0,0
14,5,0.4,136,2.0,0.5,0.0,0.0,136,Female,Premium,Chantal,True,True,0,0,1,0,0,0,0
14,3,0.0,59,1.0,0.0,0.0,1.0,59,Male,Premium,No one,True,True,0,0,0,1,0,0,0
49,3,0.3333333333333333,156,0.0,0.0,0.0,0.0,0,Male,Premium,No one,False,True,0,0,0,0,0,1,1
24,2,0.5,42,1.0,0.0,0.0,1.0,42,Male,Standard,No one,True,True,1,0,0,1,0,0,0
26,1,1.0,56,2.0,0.0,1.0,0.0,0,Female,Standard,No one,False,False,0,0,0,0,0,0,2
22,5,0.2,107,0.0,0.0,0.0,0.0,0,Female,Standard,No one,False,False,0,0,0,0,0,0,1
12,3,0.0,118,2.0,0.5,0.5,0.0,0,Male,Premium,No one,False,False,0,0,0,0,0,0,0
14,4,0.25,104,0.0,0.0,0.0,0.0,0,Male,Premium,No one,False,True,0,0,0,0,0,1,1
18,3,0.6666666666666666,139,0.0,0.0,0.0,0.0,0,Male,Premium,No one,False,False,0,0,0,0,0,0,1
26,3,0.3333333333333333,70,0.0,0.0,0.0,0.0,0,Male,Standard,No one,False,False,0,0,0,0,0,0,1
46,1,1.0,163,0.0,0.0,0.0,0.0,163,Male,Premium,No one,True,True,0,0,0,0,1,1,1
28,2,0.0,157,0.0,0.0,0.0,0.0,157,Male,Standard,Jeffrey,True,False,0,0,0,0,0,0,1
13,5,0.4,107,3.0,0.3333333333333333,0.0,0.6666666666666666,0,Male,Standard,No one,False,False,0,0,0,0,0,0,0
40,2,0.5,104,2.0,0.0,0.5,0.5,104,Male,Premium,No one,True,False,0,0,0,0,0,0,0
25,4,0.0,85,0.0,0.0,0.0,0.0,85,Male,Standard,No one,True,False,0,0,0,0,0,0,1
17,3,0.6666666666666666,107,0.0,0.0,0.0,0.0,107,Female,Standard,No one,True,False,0,0,0,0,0,0,1
47,2,0.5,153,0.0,0.0,0.0,0.0,153,Male,Premium,No one,True,False,0,0,0,0,0,0,1
14,3,0.6666666666666666,30,3.0,0.0,0.3333333333333333,0.3333333333333333,0,Male,Standard,No one,False,False,0,0,0,0,0,0,0
38,2,0.0,33,2.0,0.0,1.0,0.0,0,Male,Premium,Hanna,False,True,0,0,1,1,0,0,2
32,3,0.6666666666666666,136,0.0,0.0,0.0,0.0,0,Female,Standard,No one,False,False,0,0,0,0,0,0,1
13,1,0.0,37,0.0,0.0,0.0,0.0,37,Female,Standard,No one,True,True,0,0,1,0,0,0,1
41,1,0.0,53,1.0,0.0,1.0,0.0,0,Female,Standard,Chantal,False,True,0,1,1,0,0,0,2
19,2,0.0,167,1.0,0.0,0.0,1.0,0,Female,Premium,Mike,False,False,0,0,0,0,0,0,0
48,2,0.0,91,2.0,0.5,0.0,0.5,91,Male,Premium,No one,True,True,0,1,1,0,0,0,0
35,3,0.3333333333333333,149,1.0,0.0,0.0,1.0,149,Female,Standard,No one,True,True,1,0,0,0,0,0,0
39,5,0.2,58,1.0,1.0,0.0,0.0,58,Female,Standard,No one,True,True,0,0,0,1,0,0,0
23,4,0.5,32,3.0,0.6666666666666666,0.0,0.3333333333333333,0,Female,Premium,No one,False,False,0,0,0,0,0,0,0
39,3,0.3333333333333333,103,0.0,0.0,0.0,0.0,0,Male,Premium,Chantal,False,False,0,0,0,0,0,0,1
47,2,0.5,125,1.0,0.0,0.0,0.0,125,Male,Standard,Jeffrey,True,False,0,0,0,0,0,0,1
14,5,0.4,111,3.0,0.3333333333333333,0.0,0.6666666666666666,0,Female,Premium,No one,False,True,0,0,0,1,0,0,0
14,5,0.4,137,3.0,0.3333333333333333,0.3333333333333333,0.3333333333333333,137,Male,Standard,No one,True,False,0,0,0,0,0,0,0
41,1,1.0,61,0.0,0.0,0.0,0.0,0,Female,Standard,No one,False,False,0,0,0,0,0,0,1
44,1,0.0,66,3.0,0.0,0.3333333333333333,0.6666666666666666,0,Female,Standard,Jeffrey,False,True,1,0,0,0,1,0,0
24,5,0.4,73,2.0,0.0,1.0,0.0,73,Female,Premium,No one,True,True,0,0,0,0,1,1,2
39,4,0.5,104,0.0,0.0,0.0,0.0,104,Female,Standard,Hanna,True,True,0,0,0,0,0,1,1
37,1,0.0,80,1.0,0.0,0.0,0.0,0,Male,Premium,No one,False,True,0,1,0,0,1,0,1
25,3,0.0,103,3.0,0.3333333333333333,0.0,0.3333333333333333,0,Male,Standard,Jeffrey,False,False,0,0,0,0,0,0,0
37,1,1.0,142,0.0,0.0,0.0,0.0,0,Female,Premium,Mike,False,True,0,1,0,0,0,0,1
34,3,0.3333333333333333,115,0.0,0.0,0.0,0.0,115,Male,Premium,Hanna,True,True,0,0,0,0,0,1,1
49,1,0.0,45,3.0,0.6666666666666666,0.3333333333333333,0.0,45,Male,Standard,No one,True,True,0,0,0,0,1,0,0
18,1,0.0,138,1.0,0.0,1.0,0.0,138,Female,Standard,No one,True,True,1,0,1,0,0,0,2
43,2,0.0,161,0.0,0.0,0.0,0.0,161,Male,Standard,Chantal,True,False,0,0,0,0,0,0,1
30,3,0.3333333333333333,91,0.0,0.0,0.0,0.0,91,Female,Premium,No one,True,True,0,0,0,0,1,0,1
29,3,0.6666666666666666,134,3.0,0.3333333333333333,0.3333333333333333,0.0,134,Male,Standard,No one,True,False,0,0,0,0,0,0,0
13,3,0.0,139,0.0,0.0,0.0,0.0,0,Male,Premium,Chantal,False,False,0,0,0,0,0,0,1
13,5,0.2,149,0.0,0.0,0.0,0.0,0,Female,Standard,Jeffrey,False,False,0,0,0,0,0,0,1
45,3,0.3333333333333333,125,0.0,0.0,0.0,0.0,125,Male,Premium,No one,True,True,0,0,0,0,0,1,1
28,3,0.3333333333333333,90,0.0,0.0,0.0,0.0,0,Male,Premium,Hanna,False,False,0,0,0,0,0,0,1
16,4,0.25,77,1.0,0.0,1.0,0.0,0,Female,Premium,Hanna,False,False,0,0,0,0,0,0,2
36,4,0.25,32,0.0,0.0,0.0,0.0,0,Female,Standard,Jeffrey,False,True,0,0,1,0,0,1,1
19,2,0.0,57,0.0,0.0,0.0,0.0,57,Female,Standard,Mike,True,False,0,0,0,0,0,0,1
27,1,0.0,38,0.0,0.0,0.0,0.0,0,Female,Standard,No one,False,True,0,1,0,1,0,0,1
24,4,0.5,44,3.0,0.3333333333333333,0.3333333333333333,0.0,0,Female,Standard,No one,False,True,0,1,0,0,0,0,0
22,5,0.4,77,1.0,0.0,0.0,1.0,0,Male,Standard,Mike,False,True,0,1,0,0,0,0,0
49,3,0.0,33,0.0,0.0,0.0,0.0,0,Male,Standard,Chantal,False,True,0,1,0,0,0,1,1
15,3,0.6666666666666666,156,3.0,0.3333333333333333,0.0,0.6666666666666666,156,Male,Premium,Jeffrey,True,False,0,0,0,0,0,0,0
35,3,0.3333333333333333,60,0.0,0.0,0.0,0.0,0,Female,Premium,No one,False,True,1,0,0,0,0,0,1
24,5,0.4,69,3.0,0.3333333333333333,0.0,0.6666666666666666,69,Female,Standard,No one,True,False,0,0,0,0,0,0,0
41,5,0.4,93,0.0,0.0,0.0,0.0,93,Male,Standard,No one,True,True,0,0,1,0,1,0,1
36,3,0.6666666666666666,99,3.0,0.0,0.3333333333333333,0.6666666666666666,99,Male,Premium,Mike,True,True,0,1,0,0,0,0,0
35,2,0.5,136,3.0,0.0,0.3333333333333333,0.6666666666666666,136,Male,Premium,Jeffrey,True,True,0,0,0,0,0,1,0
32,3,0.3333333333333333,78,3.0,0.3333333333333333,0.3333333333333333,0.3333333333333333,78,Male,Standard,No one,True,True,0,0,1,0,0,1,0
39,3,0.3333333333333333,37,0.0,0.0,0.0,0.0,0,Female,Standard,Hanna,False,True,0,0,0,0,1,0,1
28,5,0.4,128,2.0,0.5,0.5,0.0,128,Male,Premium,Chantal,True,False,0,0,0,0,0,0,0
23,2,0.0,89,3.0,0.6666666666666666,0.0,0.3333333333333333,89,Male,Premium,Hanna,True,False,0,0,0,0,0,0,0
40,3,0.3333333333333333,155,3.0,0.6666666666666666,0.3333333333333333,0.0,155,Male,Standard,No one,True,True,0,0,1,0,1,0,0
19,5,0.2,143,2.0,0.0,0.5,0.5,0,Female,Premium,Mike,False,True,1,0,0,0,1,0,0
41,2,1.0,105,2.0,0.5,0.5,0.0,0,Female,Standard,No one,False,True,0,0,1,1,0,0,2
24,4,0.5,97,2.0,0.5,0.5,0.0,0,Male,Standard,Hanna,False,False,0,0,0,0,0,0,0
37,3,0.3333333333333333,123,2.0,0.5,0.5,0.0,0,Male,Standard,Chantal,False,False,0,0,0,0,0,0,0
43,1,0.0,141,3.0,0.3333333333333333,0.3333333333333333,0.0,141,Female,Standard,No one,True,False,0,0,0,0,0,0,0
43,3,0.3333333333333333,125,0.0,0.0,0.0,0.0,125,Male,Premium,Mike,True,True,0,1,0,0,0,0,1
29,4,0.25,39,3.0,0.3333333333333333,0.3333333333333333,0.3333333333333333,39,Female,Standard,Mike,True,False,0,0,0,0,0,0,0
44,4,0.25,34,0.0,0.0,0.0,0.0,34,Male,Premium,No one,True,False,0,0,0,0,0,0,1
27,2,0.0,108,1.0,0.0,1.0,0.0,0,Male,Standard,No one,False,True,0,0,0,0,1,1,2
34,5,0.2,116,0.0,0.0,0.0,0.0,0,Male,Standard,No one,False,False,0,0,0,0,0,0,1
18,4,0.25,75,3.0,0.3333333333333333,0.0,0.6666666666666666,0,Male,Standard,No one,False,False,0,0,0,0,0,0,0
30,2,0.5,140,0.0,0.0,0.0,0.0,0,Male,Premium,Chantal,False,True,0,0,1,0,0,0,1
19,1,1.0,177,0.0,0.0,0.0,0.0,0,Male,Standard,Jeffrey,False,True,0,0,1,0,1,0,1
27,1,0.0,178,1.0,0.0,1.0,0.0,178,Male,Premium,No one,True,True,1,0,0,1,0,0,2
47,2,0.0,37,2.0,0.5,0.0,0.5,37,Male,Premium,Chantal,True,False,0,0,0,0,0,0,0
42,2,0.0,141,0.0,0.0,0.0,0.0,141,Female,Premium,Hanna,True,False,0,0,0,0,0,0,1
34,3,0.3333333333333333,38,0.0,0.0,0.0,0.0,0,Male,Premium,No one,False,False,0,0,0,0,0,0,1
39,4,0.5,31,3.0,0.6666666666666666,0.0,0.3333333333333333,31,Male,Premium,No one,True,False,0,0,0,0,0,0,0
23,5,0.2,158,2.0,0.5,0.5,0.0,158,Female,Premium,No one,True,False,0,0,0,0,0,0,0
40,3,0.0,92,0.0,0.0,0.0,0.0,92,Male,Standard,Chantal,True,True,0,1,0,0,0,0,1
39,5,0.2,62,0.0,0.0,0.0,0.0,62,Male,Premium,Chantal,True,False,0,0,0,0,0,0,1
16,2,0.0,169,2.0,0.0,0.5,0.0,0,Female,Premium,Hanna,False,True,0,0,0,0,0,1,0
33,4,0.25,47,0.0,0.0,0.0,0.0,47,Female,Premium,Hanna,True,True,0,0,1,0,1,0,1
47,1,0.0,104,2.0,0.5,0.5,0.0,104,Male,Standard,No one,True,True,0,0,1,0,0,0,0
24,3,0.0,144,0.0,0.0,0.0,0.0,0,Male,Premium,No one,False,False,0,0,0,0,0,0,1
33,2,0.0,180,1.0,1.0,0.0,0.0,0,Female,Standard,Jeffrey,False,False,0,0,0,0,0,0,0
41,2,0.0,175,3.0,0.6666666666666666,0.3333333333333333,0.0,175,Male,Premium,Chantal,True,False,0,0,0,0,0,0,0
36,1,0.0,98,0.0,0.0,0.0,0.0,0,Male,Premium,No one,False,True,1,1,0,0,0,0,1
48,5,0.2,141,1.0,0.0,0.0,1.0,141,Female,Standard,Jeffrey,True,True,0,0,1,0,0,0,0
20,3,0.0,150,0.0,0.0,0.0,0.0,150,Female,Premium,No one,True,True,0,0,0,0,1,0,1
19,4,0.5,82,0.0,0.0,0.0,0.0,82,Female,Premium,No one,True,False,0,0,0,0,0,0,1
15,2,0.5,92,1.0,0.0,0.0,1.0,0,Male,Standard,No one,False,True,0,0,1,0,1,0,0
27,1,1.0,104,0.0,0.0,0.0,0.0,0,Male,Standard,No one,False,True,0,1,1,0,0,0,1
31,2,0.5,58,1.0,0.0,0.0,0.0,0,Male,Standard,Mike,False,False,0,0,0,0,0,0,1
20,3,0.0,151,2.0,0.0,0.0,1.0,0,Male,Premium,Mike,False,True,0,0,0,0,1,0,0
13,3,0.3333333333333333,32,3.0,0.0,0.0,0.6666666666666666,0,Female,Standard,No one,False,True,0,0,0,0,0,1,0
17,2,0.5,56,2.0,0.0,0.5,0.5,56,Male,Premium,No one,True,False,0,0,0,0,0,0,0
43,2,0.0,75,0.0,0.0,0.0,0.0,75,Male,Standard,Mike,True,False,0,0,0,0,0,0,1
43,1,1.0,41,0.0,0.0,0.0,0.0,41,Male,Premium,Mike,True,False,0,0,0,0,0,0,1
12,2,0.5,90,3.0,0.3333333333333333,0.3333333333333333,0.3333333333333333,0,Female,Premium,No one,False,False,0,0,0,0,0,0,0
49,5,0.2,51,3.0,0.3333333333333333,0.3333333333333333,0.3333333333333333,0,Female,Standard,No one,False,False,0,0,0,0,0,0,0
33,3,0.0,165,3.0,0.6666666666666666,0.3333333333333333,0.0,0,Female,Standard,No one,False,True,0,0,0,1,0,0,0
30,3,0.0,61,0.0,0.0,0.0,0.0,0,Female,Standard,Jeffrey,False,True,0,0,1,0,0,0,1
28,3,0.0,135,0.0,0.0,0.0,0.0,135,Female,Premium,No one,True,True,1,0,0,0,1,0,1
33,3,0.6666666666666666,93,0.0,0.0,0.0,0.0,93,Female,Standard,Chantal,True,False,0,0,0,0,0,0,1
16,3,0.3333333333333333,135,0.0,0.0,0.0,0.0,0,Female,Standard,No one,False,False,0,0,0,0,0,0,1
41,1,0.0,64,1.0,0.0,0.0,1.0,0,Male,Premium,No one,False,False,0,0,0,0,0,0,0
20,1,1.0,158,0.0,0.0,0.0,0.0,158,Male,Premium,No one,True,True,0,0,1,0,0,0,1
26,5,0.4,124,0.0,0.0,0.0,0.0,0,Female,Standard,Jeffrey,False,False,0,0,0,0,0,0,1
19,3,0.3333333333333333,85,3.0,0.3333333333333333,0.3333333333333333,0.0,0,Male,Standard,No one,False,True,0,0,0,1,0,0,0
43,5,0.2,156,3.0,0.3333333333333333,0.6666666666666666,0.0,156,Male,Premium,Chantal,True,False,0,0,0,0,0,0,0
41,1,1.0,156,1.0,0.0,0.0,1.0,0,Male,Standard,Mike,False,True,0,0,0,0,0,1,0
22,2,0.0,115,1.0,0.0,0.0,0.0,0,Female,Standard,No one,False,True,1,0,0,0,0,0,1
45,3,0.0,115,2.0,0.0,0.5,0.0,115,Female,Premium,Mike,True,True,0,0,1,0,1,0,0
14,5,0.4,138,3.0,0.0,0.6666666666666666,0.3333333333333333,0,Male,Premium,No one,False,True,1,0,1,0,0,0,0
26,1,0.0,176,0.0,0.0,0.0,0.0,0,Male,Standard,No one,False,True,0,0,0,0,1,0,1
46,1,0.0,134,2.0,0.5,0.5,0.0,0,Female,Premium,Chantal,False,False,0,0,0,0,0,0,0
35,5,0.4,110,0.0,0.0,0.0,0.0,0,Male,Premium,Chantal,False,True,1,0,1,0,0,0,1
18,2,0.5,161,0.0,0.0,0.0,0.0,0,Male,Standard,Jeffrey,False,True,0,0,1,0,1,0,1
29,4,0.25,174,2.0,0.5,0.0,0.0,174,Female,Standard,No one,True,True,0,0,0,1,0,0,0
27,2,0.5,88,0.0,0.0,0.0,0.0,0,Male,Premium,Chantal,False,True,0,0,1,0,1,0,1
36,1,0.0,109,0.0,0.0,0.0,0.0,109,Female,Premium,Mike,True,False,0,0,0,0,0,0,1
29,2,0.0,108,0.0,0.0,0.0,0.0,0,Female,Standard,Chantal,False,False,0,0,0,0,0,0,1
36,3,0.3333333333333333,105,1.0,1.0,0.0,0.0,0,Male,Standard,Chantal,False,True,0,0,0,0,0,1,0
36,4,0.25,30,0.0,0.0,0.0,0.0,0,Male,Premium,No one,False,False,0,0,0,0,0,0,1
12,5,0.2,130,1.0,0.0,0.0,0.0,0,Female,Premium,No one,False,True,0,1,0,0,0,0,1
34,2,0.5,63,0.0,0.0,0.0,0.0,63,Male,Premium,No one,True,True,0,0,1,0,0,0,1
44,2,0.5,160,0.0,0.0,0.0,0.0,160,Female,Premium,Hanna,True,True,0,0,0,1,1,0,1
46,3,0.0,54,1.0,0.0,0.0,1.0,54,Male,Premium,No one,True,False,0,0,0,0,0,0,0
37,1,1.0,95,1.0,1.0,0.0,0.0,0,Female,Standard,Mike,False,True,0,0,0,0,1,1,0
24,3,0.6666666666666666,94,0.0,0.0,0.0,0.0,94,Female,Premium,No one,True,False,0,0,0,0,0,0,1
46,4,0.25,102,2.0,0.0,0.0,0.5,102,Male,Premium,Hanna,True,True,0,0,0,1,1,0,0
20,2,0.5,165,0.0,0.0,0.0,0.0,165,Female,Premium,Hanna,True,True,0,0,0,0,1,0,1
32,3,0.3333333333333333,47,2.0,0.5,0.5,0.0,0,Male,Standard,Mike,False,False,0,0,0,0,0,0,0
26,3,0.0,67,0.0,0.0,0.0,0.0,67,Female,Standard,Hanna,True,False,0,0,0,0,0,0,1
38,1,0.0,149,1.0,0.0,1.0,0.0,149,Female,Standard,No one,True,False,0,0,0,0,0,0,2
45,4,0.0,46,0.0,0.0,0.0,0.0,0,Female,Premium,No one,False,True,0,0,1,0,1,0,1
20,1,0.0,115,0.0,0.0,0.0,0.0,115,Female,Standard,No one,True,False,0,0,0,0,0,0,1
48,3,0.3333333333333333,67,0.0,0.0,0.0,0.0,0,Male,Standard,No one,False,True,0,0,1,0,0,0,1
41,4,0.0,68,0.0,0.0,0.0,0.0,0,Female,Premium,Jeffrey,False,True,0,1,1,0,0,0,1
24,2,0.5,75,0.0,0.0,0.0,0.0,0,Male,Standard,Jeffrey,False,True,1,1,0,0,0,0,1
47,3,0.3333333333333333,177,0.0,0.0,0.0,0.0,0,Female,Standard,No one,False,True,1,0,0,0,1,0,1
42,3,0.3333333333333333,95,2.0,1.0,0.0,0.0,95,Female,Premium,Chantal,True,False,0,0,0,0,0,0,0
33,1,0.0,56,3.0,0.3333333333333333,0.3333333333333333,0.3333333333333333,0,Male,Standard,No one,False,False,0,0,0,0,0,0,0
24,4,0.5,168,0.0,0.0,0.0,0.0,0,Female,Standard,No one,False,True,0,1,1,0,0,0,1
29,1,0.0,63,3.0,0.6666666666666666,0.0,0.0,63,Male,Standard,Mike,True,False,0,0,0,0,0,0,0
30,4,0.25,130,1.0,1.0,0.0,0.0,130,Female,Standard,Jeffrey,True,True,1,1,0,0,0,0,0
46,5,0.2,177,2.0,0.5,0.0,0.5,177,Male,Standard,Chantal,True,True,0,0,0,0,1,0,0
36,1,0.0,98,1.0,0.0,0.0,1.0,98,Male,Standard,Chantal,True,True,0,1,0,0,0,0,0
29,4,0.25,97,2.0,1.0,0.0,0.0,97,Female,Standard,No one,True,False,0,0,0,0,0,0,0
34,3,0.3333333333333333,110,0.0,0.0,0.0,0.0,0,Female,Premium,No one,False,True,0,0,0,1,0,0,1
47,2,0.0,91,2.0,0.0,0.0,0.5,0,Female,Standard,No one,False,False,0,0,0,0,0,0,0
26,2,0.5,102,1.0,1.0,0.0,0.0,102,Female,Premium,Hanna,True,False,0,0,0,0,0,0,0
41,3,0.0,69,0.0,0.0,0.0,0.0,69,Female,Standard,No one,True,True,0,0,0,0,0,1,1
18,4,0.25,104,0.0,0.0,0.0,0.0,0,Male,Premium,Mike,False,False,0,0,0,0,0,0,1
48,2,0.0,106,3.0,0.3333333333333333,0.6666666666666666,0.0,106,Female,Premium,Jeffrey,True,True,0,0,0,1,0,0,0
25,5,0.4,152,0.0,0.0,0.0,0.0,0,Female,Premium,No one,False,False,0,0,0,0,0,0,1
40,4,0.5,93,1.0,0.0,0.0,1.0,0,Female,Premium,No one,False,False,0,0,0,0,0,0,0
27,4,0.25,130,0.0,0.0,0.0,0.0,0,Female,Premium,Hanna,False,True,0,0,0,0,1,0,1
34,2,0.5,172,0.0,0.0,0.0,0.0,0,Female,Premium,No one,False,True,1,0,0,0,0,0,1
30,2,0.5,119,3.0,0.3333333333333333,0.0,0.6666666666666666,0,Male,Premium,Chantal,False,True,1,0,0,0,1,0,0
30,2,0.5,117,0.0,0.0,0.0,0.0,0,Male,Premium,Jeffrey,False,False,0,0,0,0,0,0,1
19,1,0.0,179,1.0,0.0,0.0,0.0,179,Male,Premium,Hanna,True,False,0,0,0,0,0,0,1
49,5,0.4,56,0.0,0.0,0.0,0.0,0,Male,Standard,No one,False,True,1,0,0,0,1,0,1
27,1,1.0,144,1.0,1.0,0.0,0.0,144,Female,Standard,Chantal,True,True,1,0,0,0,0,0,0
38,1,0.0,47,0.0,0.0,0.0,0.0,0,Female,Premium,No one,False,False,0,0,0,0,0,0,1
47,2,0.5,75,0.0,0.0,0.0,0.0,0,Male,Standard,Mike,False,True,0,0,0,0,1,0,1
39,3,0.6666666666666666,64,0.0,0.0,0.0,0.0,0,Female,Standard,Jeffrey,False,True,0,0,1,0,0,0,1
17,3,0.0,159,3.0,0.3333333333333333,0.3333333333333333,0.3333333333333333,159,Male,Standard,No one,True,False,0,0,0,0,0,0,0
20,3,0.0,179,0.0,0.0,0.0,0.0,0,Female,Standard,No one,False,False,0,0,0,0,0,0,1
15,3,0.3333333333333333,135,0.0,0.0,0.0,0.0,135,Female,Standard,No one,True,False,0,0,0,0,0,0,1
38,3,0.6666666666666666,82,1.0,0.0,1.0,0.0,0,Female,Premium,No one,False,False,0,0,0,0,0,0,2
49,3,0.6666666666666666,42,0.0,0.0,0.0,0.0,42,Male,Premium,Chantal,True,True,0,1,0,0,1,0,1
28,4,0.5,38,0.0,0.0,0.0,0.0,38,Female,Standard,No one,True,False,0,0,0,0,0,0,1
38,5,0.4,175,0.0,0.0,0.0,0.0,175,Female,Standard,No one,True,True,0,0,0,0,0,1,1
49,3,0.6666666666666666,156,2.0,0.5,0.5,0.0,0,Male,Premium,Mike,False,False,0,0,0,0,0,0,0
32,1,1.0,120,0.0,0.0,0.0,0.0,120,Female,Standard,No one,True,True,0,0,0,1,0,0,1
18,3,0.0,62,1.0,1.0,0.0,0.0,0,Male,Standard,No one,False,False,0,0,0,0,0,0,0
18,2,0.5,49,2.0,0.5,0.0,0.5,0,Female,Premium,Hanna,False,False,0,0,0,0,0,0,0
40,2,0.5,38,2.0,0.0,1.0,0.0,38,Male,Premium,Hanna,True,False,0,0,0,0,0,0,2
42,5,0.4,129,3.0,0.0,0.6666666666666666,0.0,0,Male,Premium,Mike,False,True,1,0,0,0,0,1,0
28,4,0.25,141,0.0,0.0,0.0,0.0,141,Male,Standard,Mike,True,True,1,0,0,0,0,0,1
16,1,0.0,172,0.0,0.0,0.0,0.0,172,Female,Premium,No one,True,False,0,0,0,0,0,0,1
24,2,0.5,138,2.0,0.0,0.0,1.0,138,Female,Standard,Hanna,True,False,0,0,0,0,0,0,0
14,3,0.6666666666666666,177,0.0,0.0,0.0,0.0,0,Male,Standard,Hanna,False,True,0,0,0,0,0,1,1
20,3,0.0,150,0.0,0.0,0.0,0.0,0,Female,Premium,Hanna,False,False,0,0,0,0,0,0,1
41,1,0.0,84,2.0,0.5,0.0,0.0,0,Female,Standard,Chantal,False,True,0,1,0,0,0,0,0
23,2,0.0,68,0.0,0.0,0.0,0.0,68,Male,Premium,Chantal,True,True,0,0,1,1,0,0,1
49,3,0.3333333333333333,44,2.0,1.0,0.0,0.0,0,Male,Standard,Mike,False,False,0,0,0,0,0,0,0
45,2,0.0,85,0.0,0.0,0.0,0.0,85,Female,Standard,Hanna,True,False,0,0,0,0,0,0,1
48,2,0.0,140,0.0,0.0,0.0,0.0,0,Female,Standard,Hanna,False,False,0,0,0,0,0,0,1
29,3,0.6666666666666666,72,0.0,0.0,0.0,0.0,0,Female,Standard,No one,False,True,0,1,0,0,1,0,1
31,5,0.4,105,3.0,0.3333333333333333,0.0,0.6666666666666666,105,Female,Standard,Chantal,True,False,0,0,0,0,0,0,0
29,1,0.0,142,1.0,0.0,0.0,1.0,0,Female,Premium,Mike,False,True,0,1,1,0,0,0,0
43,3,0.3333333333333333,166,3.0,0.0,0.6666666666666666,0.0,166,Male,Premium,Mike,True,True,0,0,0,0,1,1,0
29,2,0.5,57,0.0,0.0,0.0,0.0,57,Male,Standard,Hanna,True,False,0,0,0,0,0,0,1
45,2,0.5,167,1.0,1.0,0.0,0.0,167,Male,Standard,Hanna,True,False,0,0,0,0,0,0,0
29,1,0.0,74,0.0,0.0,0.0,0.0,74,Male,Standard,Mike,True,False,0,0,0,0,0,0,1
24,3,0.3333333333333333,128,2.0,1.0,0.0,0.0,128,Male,Standard,No one,True,True,0,0,0,1,0,0,0
39,3,0.3333333333333333,68,2.0,0.5,0.0,0.5,0,Female,Premium,Jeffrey,False,False,0,0,0,0,0,0,0
33,2,0.5,61,1.0,0.0,0.0,0.0,61,Male,Standard,Mike,True,True,0,1,0,0,0,0,1
17,2,0.0,41,0.0,0.0,0.0,0.0,41,Female,Standard,No one,True,True,1,0,1,0,0,0,1
35,4,0.0,178,0.0,0.0,0.0,0.0,178,Female,Standard,Hanna,True,False,0,0,0,0,0,0,1
39,3,0.3333333333333333,33,1.0,1.0,0.0,0.0,0,Male,Premium,No one,False,False,0,0,0,0,0,0,0
25,2,0.0,170,0.0,0.0,0.0,0.0,0,Female,Premium,No one,False,True,1,0,0,1,0,0,1
14,1,0.0,92,0.0,0.0,0.0,0.0,92,Male,Premium,No one,True,True,1,0,0,0,0,0,1
40,3,0.3333333333333333,154,3.0,0.3333333333333333,0.3333333333333333,0.3333333333333333,0,Female,Standard,Mike,False,False,0,0,0,0,0,0,0
25,1,1.0,55,0.0,0.0,0.0,0.0,55,Female,Premium,No one,True,True,1,0,0,0,0,1,1
36,2,1.0,162,2.0,0.5,0.0,0.5,0,Female,Premium,Jeffrey,False,False,0,0,0,0,0,0,0
25,3,0.0,63,3.0,0.3333333333333333,0.0,0.3333333333333333,63,Male,Premium,No one,True,False,0,0,0,0,0,0,0
24,2,0.5,115,3.0,0.3333333333333333,0.3333333333333333,0.3333333333333333,0,Female,Premium,No one,False,True,0,1,0,0,1,0,0
35,2,0.5,81,2.0,0.5,0.5,0.0,0,Female,Premium,No one,False,True,0,1,0,0,0,0,0
31,4,0.5,141,2.0,0.0,0.5,0.0,0,Male,Standard,Mike,False,True,0,0,1,0,0,1,0
32,5,0.4,132,0.0,0.0,0.0,0.0,132,Male,Premium,No one,True,True,1,0,0,0,1,0,1
48,3,0.6666666666666666,135,2.0,0.0,0.0,0.5,135,Male,Premium,Hanna,True,False,0,0,0,0,0,0,0
45,4,0.5,57,0.0,0.0,0.0,0.0,57,Male,Standard,Hanna,True,False,0,0,0,0,0,0,1
22,3,0.0,121,1.0,1.0,0.0,0.0,121,Female,Premium,Chantal,True,False,0,0,0,0,0,0,0
39,5,0.4,157,2.0,0.0,0.0,0.5,0,Female,Standard,Mike,False,False,0,0,0,0,0,0,0
45,2,0.0,175,2.0,0.5,0.0,0.5,0,Female,Standard,Mike,False,True,0,0,0,0,1,1,0
17,2,0.0,166,1.0,0.0,0.0,0.0,166,Female,Standard,Mike,True,True,1,0,0,0,1,0,1
35,2,1.0,103,1.0,1.0,0.0,0.0,0,Male,Standard,No one,False,False,0,0,0,0,0,0,0
33,5,0.4,122,3.0,0.3333333333333333,0.3333333333333333,0.0,122,Female,Premium,No one,True,True,1,0,1,0,0,0,0
14,2,0.0,70,0.0,0.0,0.0,0.0,70,Male,Standard,No one,True,False,0,0,0,0,0,0,1
40,1,0.0,90,0.0,0.0,0.0,0.0,0,Male,Standard,No one,False,True,1,0,0,1,0,0,1
23,2,0.0,134,2.0,0.5,0.0,0.5,0,Female,Premium,Jeffrey,False,True,0,0,0,0,1,1,0
14,2,0.0,161,3.0,0.6666666666666666,0.3333333333333333,0.0,0,Male,Premium,No one,False,False,0,0,0,0,0,0,0
12,5,0.2,56,1.0,1.0,0.0,0.0,56,Female,Standard,No one,True,True,0,0,0,0,0,1,0
15,2,0.5,150,0.0,0.0,0.0,0.0,0,Male,Standard,Hanna,False,False,0,0,0,0,0,0,1
20,3,0.3333333333333333,158,0.0,0.0,0.0,0.0,0,Female,Premium,No one,False,False,0,0,0,0,0,0,1
21,3,0.3333333333333333,118,0.0,0.0,0.0,0.0,0,Female,Premium,Chantal,False,True,0,0,0,0,1,0,1
29,2,0.5,80,0.0,0.0,0.0,0.0,80,Female,Premium,Chantal,True,True,0,0,1,0,1,0,1
24,3,0.6666666666666666,133,0.0,0.0,0.0,0.0,133,Male,Standard,Jeffrey,True,False,0,0,0,0,0,0,1
29,2,0.5,140,0.0,0.0,0.0,0.0,140,Female,Standard,Hanna,True,False,0,0,0,0,0,0,1
14,3,0.0,171,1.0,1.0,0.0,0.0,171,Female,Premium,No one,True,False,0,0,0,0,0,0,0
49,1,0.0,77,3.0,0.3333333333333333,0.6666666666666666,0.0,0,Male,Standard,No one,False,True,0,0,0,0,1,0,0
37,3,0.3333333333333333,37,0.0,0.0,0.0,0.0,0,Female,Standard,No one,False,False,0,0,0,0,0,0,1
19,4,0.25,134,1.0,1.0,0.0,0.0,0,Female,Standard,No one,False,False,0,0,0,0,0,0,0
23,2,0.0,52,0.0,0.0,0.0,0.0,52,Male,Premium,No one,True,True,1,0,0,0,1,0,1
34,2,0.0,94,0.0,0.0,0.0,0.0,94,Female,Premium,Mike,True,True,0,0,0,0,0,1,1
18,3,0.0,87,3.0,0.6666666666666666,0.0,0.3333333333333333,0,Male,Premium,No one,False,False,0,0,0,0,0,0,0
27,3,0.3333333333333333,122,0.0,0.0,0.0,0.0,0,Male,Premium,Hanna,False,True,0,0,0,0,0,1,1
47,5,0.4,89,0.0,0.0,0.0,0.0,89,Male,Premium,No one,True,False,0,0,0,0,0,0,1
30,2,0.5,159,0.0,0.0,0.0,0.0,159,Male,Standard,Mike,True,False,0,0,0,0,0,0,1
40,2,0.5,79,3.0,0.6666666666666666,0.0,0.3333333333333333,79,Male,Premium,Jeffrey,True,True,1,0,0,0,1,0,0
20,1,0.0,94,3.0,0.6666666666666666,0.3333333333333333,0.0,0,Female,Standard,No one,False,False,0,0,0,0,0,0,0
36,3,0.3333333333333333,76,0.0,0.0,0.0,0.0,0,Male,Premium,Hanna,False,False,0,0,0,0,0,0,1
45,4,0.25,50,0.0,0.0,0.0,0.0,50,Female,Premium,Hanna,True,True,0,0,1,0,0,1,1
36,3,0.6666666666666666,89,3.0,0.6666666666666666,0.0,0.3333333333333333,89,Female,Premium,No one,True,False,0,0,0,0,0,0,0
36,1,0.0,83,0.0,0.0,0.0,0.0,83,Female,Premium,No one,True,True,0,1,0,0,1,0,1
16,1,0.0,67,2.0,0.0,0.5,0.5,67,Male,Standard,No one,True,False,0,0,0,0,0,0,0
24,3,0.3333333333333333,49,0.0,0.0,0.0,0.0,49,Female,Standard,Mike,True,False,0,0,0,0,0,0,1
36,1,0.0,70,0.0,0.0,0.0,0.0,0,Female,Premium,No one,False,True,0,0,1,0,0,0,1
40,1,1.0,106,2.0,0.5,0.5,0.0,106,Female,Standard,No one,True,False,0,0,0,0,0,0,2
40,2,0.0,137,1.0,0.0,1.0,0.0,0,Female,Premium,Jeffrey,False,False,0,0,0,0,0,0,2
14,2,1.0,66,0.0,0.0,0.0,0.0,66,Female,Premium,Chantal,True,False,0,0,0,0,0,0,1
33,1,0.0,157,0.0,0.0,0.0,0.0,0,Female,Premium,No one,False,False,0,0,0,0,0,0,1
43,1,1.0,53,0.0,0.0,0.0,0.0,0,Male,Standard,Mike,False,False,0,0,0,0,0,0,1
48,2,0.0,125,3.0,0.6666666666666666,0.3333333333333333,0.0,0,Male,Standard,No one,False,True,1,1,0,0,0,0,0
12,5,0.2,113,0.0,0.0,0.0,0.0,113,Female,Standard,No one,True,False,0,0,0,0,0,0,1
39,4,0.25,62,2.0,0.0,0.0,0.5,62,Male,Premium,Chantal,True,True,0,0,1,1,0,0,0
30,3,0.6666666666666666,76,1.0,0.0,0.0,1.0,76,Male,Premium,No one,True,True,1,1,0,0,0,0,0
24,3,0.6666666666666666,40,1.0,0.0,1.0,0.0,40,Female,Standard,No one,True,False,0,0,0,0,0,0,2
47,1,0.0,50,0.0,0.0,0.0,0.0,0,Female,Standard,No one,False,True,0,0,0,1,0,0,1
34,1,1.0,122,3.0,0.6666666666666666,0.0,0.0,0,Male,Standard,No one,False,True,0,1,0,0,0,1,0
30,1,0.0,77,0.0,0.0,0.0,0.0,77,Male,Premium,No one,True,True,0,0,0,1,0,0,1
23,1,0.0,49,2.0,0.0,0.5,0.5,49,Female,Standard,No one,True,True,0,0,1,0,0,1,0
24,1,0.0,138,3.0,0.3333333333333333,0.3333333333333333,0.0,0,Male,Standard,No one,False,False,0,0,0,0,0,0,0
13,2,0.0,93,0.0,0.0,0.0,0.0,93,Male,Standard,No one,True,True,0,0,1,0,0,0,1
18,4,0.25,160,0.0,0.0,0.0,0.0,0,Female,Standard,No one,False,True,0,1,0,0,0,0,1
45,5,0.4,78,0.0,0.0,0.0,0.0,0,Male,Premium,No one,False,True,0,1,0,0,0,1,1
41,1,1.0,67,0.0,0.0,0.0,0.0,0,Female,Standard,No one,False,True,0,0,0,0,0,1,1
13,1,0.0,34,2.0,0.0,0.5,0.5,0,Female,Premium,No one,False,False,0,0,0,0,0,0,0
34,1,0.0,112,1.0,0.0,0.0,1.0,0,Female,Standard,Chantal,False,True,1,0,0,0,1,0,0
43,1,0.0,121,0.0,0.0,0.0,0.0,0,Female,Standard,Jeffrey,False,False,0,0,0,0,0,0,1
39,2,0.0,108,0.0,0.0,0.0,0.0,108,Male,Premium,Jeffrey,True,True,1,0,1,0,0,0,1
13,3,0.3333333333333333,77,3.0,0.3333333333333333,0.6666666666666666,0.0,0,Female,Premium,No one,False,True,1,0,0,1,0,0,0
22,5,0.2,172,0.0,0.0,0.0,0.0,0,Male,Standard,Chantal,False,False,0,0,0,0,0,0,1
23,3,0.3333333333333333,139,3.0,0.6666666666666666,0.0,0.3333333333333333,0,Male,Standard,Hanna,False,True,1,0,1,0,0,0,0
37,3,0.3333333333333333,144,0.0,0.0,0.0,0.0,0,Female,Premium,No one,False,True,1,0,0,0,0,0,1
29,5,0.2,61,3.0,0.0,0.3333333333333333,0.6666666666666666,61,Male,Premium,No one,True,False,0,0,0,0,0,0,0
23,5,0.2,149,0.0,0.0,0.0,0.0,0,Female,Premium,No one,False,True,0,0,0,1,0,0,1
23,5,0.2,90,0.0,0.0,0.0,0.0,0,Female,Standard,No one,False,False,0,0,0,0,0,0,1
27,3,0.3333333333333333,147,1.0,0.0,0.0,1.0,0,Male,Premium,No one,False,True,0,0,1,1,0,0,0
15,1,0.0,131,1.0,0.0,1.0,0.0,0,Female,Premium,Mike,False,True,0,1,1,0,0,0,2
41,5,0.2,132,0.0,0.0,0.0,0.0,132,Female,Premium,No one,True,False,0,0,0,0,0,0,1
15,2,0.5,91,0.0,0.0,0.0,0.0,0,Female,Standard,No one,False,False,0,0,0,0,0,0,1
13,3,0.0,36,3.0,0.0,0.3333333333333333,0.3333333333333333,36,Male,Premium,No one,True,True,0,0,0,0,1,0,0
49,3,0.6666666666666666,83,1.0,1.0,0.0,0.0,83,Male,Premium,No one,True,True,0,0,0,0,1,0,0
32,3,0.3333333333333333,132,3.0,0.3333333333333333,0.0,0.3333333333333333,132,Male,Standard,Mike,True,True,0,1,0,0,0,0,0
43,5,0.4,150,0.0,0.0,0.0,0.0,150,Female,Premium,Jeffrey,True,True,1,0,0,0,0,0,1
33,2,0.0,171,1.0,0.0,0.0,1.0,0,Female,Premium,No one,False,True,0,0,1,0,0,0,0
45,3,0.6666666666666666,137,0.0,0.0,0.0,0.0,137,Male,Premium,Hanna,True,False,0,0,0,0,0,0,1
43,3,0.0,148,0.0,0.0,0.0,0.0,0,Male,Standard,Mike,False,False,0,0,0,0,0,0,1
40,3,0.3333333333333333,153,0.0,0.0,0.0,0.0,0,Male,Standard,Mike,False,True,0,0,1,0,0,0,1
31,5,0.4,144,0.0,0.0,0.0,0.0,0,Female,Standard,Chantal,False,False,0,0,0,0,0,0,1
48,2,0.0,171,0.0,0.0,0.0,0.0,171,Female,Standard,Jeffrey,True,False,0,0,0,0,0,0,1
21,3,0.3333333333333333,66,0.0,0.0,0.0,0.0,66,Male,Premium,Hanna,True,False,0,0,0,0,0,0,1
18,4,0.25,64,0.0,0.0,0.0,0.0,64,Female,Standard,Mike,True,False,0,0,0,0,0,0,1
24,2,0.0,105,3.0,0.3333333333333333,0.3333333333333333,0.0,0,Female,Premium,No one,False,False,0,0,0,0,0,0,0
34,2,0.0,128,0.0,0.0,0.0,0.0,0,Male,Standard,Hanna,False,False,0,0,0,0,0,0,1
22,5,0.4,81,1.0,1.0,0.0,0.0,0,Female,Standard,Chantal,False,False,0,0,0,0,0,0,0
21,5,0.2,167,2.0,0.5,0.0,0.5,0,Female,Premium,No one,False,False,0,0,0,0,0,0,0
42,4,0.5,148,2.0,0.5,0.0,0.5,148,Male,Standard,Chantal,True,False,0,0,0,0,0,0,0
47,2,0.0,168,2.0,0.5,0.5,0.0,0,Female,Standard,No one,False,True,1,0,0,0,1,0,0
44,5,0.4,132,2.0,0.5,0.5,0.0,132,Male,Premium,Mike,True,False,0,0,0,0,0,0,0
38,3,0.0,63,2.0,0.5,0.0,0.5,63,Male,Standard,Mike,True,True,0,0,0,1,0,0,0
14,2,1.0,55,1.0,0.0,1.0,0.0,55,Female,Premium,No one,True,True,0,0,1,1,0,0,2
19,3,0.6666666666666666,51,0.0,0.0,0.0,0.0,51,Female,Premium,Mike,True,False,0,0,0,0,0,0,1
14,3,0.3333333333333333,162,1.0,0.0,0.0,1.0,162,Female,Standard,No one,True,True,0,0,0,1,0,0,0
21,3,0.3333333333333333,90,0.0,0.0,0.0,0.0,0,Female,Premium,Hanna,False,True,0,1,0,0,0,0,1
31,3,0.3333333333333333,179,0.0,0.0,0.0,0.0,179,Female,Standard,Chantal,True,False,0,0,0,0,0,0,1
33,4,0.25,84,0.0,0.0,0.0,0.0,0,Female,Premium,No one,False,True,0,0,0,1,0,0,1
28,3,0.6666666666666666,136,0.0,0.0,0.0,0.0,136,Female,Standard,Jeffrey,True,True,1,1,0,0,0,0,1
13,2,0.0,159,1.0,0.0,1.0,0.0,159,Male,Premium,No one,True,False,0,0,0,0,0,0,2
43,3,0.3333333333333333,98,0.0,0.0,0.0,0.0,98,Male,Standard,Mike,True,False,0,0,0,0,0,0,1
14,1,0.0,101,3.0,0.0,0.3333333333333333,0.6666666666666666,0,Male,Standard,No one,False,False,0,0,0,0,0,0,0
36,2,0.5,141,0.0,0.0,0.0,0.0,141,Male,Premium,Hanna,True,False,0,0,0,0,0,0,1
26,1,0.0,117,1.0,0.0,1.0,0.0,0,Female,Standard,Jeffrey,False,False,0,0,0,0,0,0,2
13,3,0.0,32,0.0,0.0,0.0,0.0,0,Female,Standard,Mike,False,False,0,0,0,0,0,0,1
25,1,0.0,147,0.0,0.0,0.0,0.0,0,Male,Standard,Mike,False,False,0,0,0,0,0,0,1
46,2,0.0,150,0.0,0.0,0.0,0.0,150,Male,Premium,Mike,True,False,0,0,0,0,0,0,1
22,3,0.0,71,3.0,1.0,0.0,0.0,71,Female,Premium,No one,True,True,1,0,0,0,0,0,0
30,3,0.3333333333333333,76,3.0,0.0,0.6666666666666666,0.3333333333333333,76,Male,Premium,Hanna,True,True,0,0,1,0,0,0,0
33,1,0.0,108,1.0,0.0,1.0,0.0,108,Male,Standard,No one,True,False,0,0,0,0,0,0,2
28,4,0.0,166,1.0,1.0,0.0,0.0,166,Female,Premium,Mike,True,False,0,0,0,0,0,0,0
48,3,0.3333333333333333,96,0.0,0.0,0.0,0.0,96,Male,Standard,Hanna,True,True,1,0,1,0,0,0,1
16,5,0.0,111,0.0,0.0,0.0,0.0,0,Female,Premium,No one,False,True,0,0,0,0,1,0,1
35,3,0.3333333333333333,70,1.0,0.0,1.0,0.0,70,Male,Standard,Mike,True,True,1,0,0,0,1,0,2
24,3,0.3333333333333333,139,0.0,0.0,0.0,0.0,0,Male,Standard,No one,False,True,0,0,1,0,0,0,1
16,3,0.6666666666666666,50,3.0,0.6666666666666666,0.0,0.0,50,Male,Premium,No one,True,True,0,0,0,1,0,0,0
32,3,0.0,101,1.0,0.0,1.0,0.0,101,Male,Standard,No one,True,False,0,0,0,0,0,0,2
32,3,0.3333333333333333,160,3.0,0.3333333333333333,0.6666666666666666,0.0,0,Female,Standard,No one,False,False,0,0,0,0,0,0,0
21,2,0.0,44,3.0,0.6666666666666666,0.3333333333333333,0.0,0,Female,Standard,Mike,False,False,0,0,0,0,0,0,0
36,4,0.0,171,1.0,0.0,0.0,1.0,0,Male,Premium,Mike,False,True,1,0,0,0,0,0,0
37,1,0.0,132,2.0,0.5,0.0,0.0,132,Male,Standard,Mike,True,True,0,1,0,0,0,0,0
49,1,0.0,103,3.0,0.0,0.3333333333333333,0.6666666666666666,0,Female,Premium,No one,False,True,0,0,1,0,0,0,0
42,1,0.0,93,1.0,1.0,0.0,0.0,93,Male,Standard,Hanna,True,True,0,1,0,1,0,0,0
45,5,0.2,100,0.0,0.0,0.0,0.0,100,Female,Premium,Chantal,True,True,0,0,0,0,1,0,1
47,3,0.3333333333333333,105,0.0,0.0,0.0,0.0,105,Male,Premium,No one,True,True,0,1,0,1,0,0,1
34,1,1.0,158,3.0,0.6666666666666666,0.0,0.0,0,Female,Standard,Chantal,False,False,0,0,0,0,0,0,0
27,3,0.3333333333333333,64,0.0,0.0,0.0,0.0,0,Male,Premium,No one,False,False,0,0,0,0,0,0,1
43,3,0.3333333333333333,138,0.0,0.0,0.0,0.0,0,Female,Standard,Chantal,False,False,0,0,0,0,0,0,1
33,3,0.3333333333333333,144,1.0,0.0,1.0,0.0,0,Male,Premium,Chantal,False,False,0,0,0,0,0,0,2
39,5,0.4,161,2.0,0.5,0.0,0.5,0,Female,Standard,Chantal,False,True,0,0,0,1,0,0,0
17,4,0.25,173,2.0,0.0,0.5,0.0,0,Male,Standard,Hanna,False,True,0,0,1,0,0,1,0
36,2,0.0,171,0.0,0.0,0.0,0.0,171,Female,Standard,No one,True,True,1,1,0,0,0,0,1
40,3,0.0,106,0.0,0.0,0.0,0.0,0,Female,Standard,No one,False,False,0,0,0,0,0,0,1
15,3,0.3333333333333333,134,2.0,0.5,0.5,0.0,134,Female,Standard,No one,True,True,0,0,0,1,1,0,0
40,2,0.0,152,0.0,0.0,0.0,0.0,152,Male,Standard,Jeffrey,True,True,0,1,1,0,0,0,1
23,4,0.25,126,2.0,0.5,0.5,0.0,0,Male,Standard,Jeffrey,False,True,1,0,0,0,0,0,0
18,2,0.0,139,0.0,0.0,0.0,0.0,0,Female,Premium,No one,False,True,0,0,1,0,0,1,1
